Year,Population,Population_female,ISO3,ASR,Region,RT,GDP,TAC,GammaC,MRI,PET,log_GDP
2015,1292275.0,643934.0,MUS,3.73173349,Africa,2.31,9630.5437837507,6.16,2.31,4.62,0.0,9.172694970877131
2018,1288833.0,642008.0,MUS,4.173902299,Africa,2.41,11818.7480619272,6.43,2.41,4.82,0.0,9.377442368423862
2022,1276130.0,637130.0,MUS,3.799935587,Africa,3.14,10246.5017455553,,,,,9.234691633196247
2015,56723537.0,29194266.0,ZAF,12.97197122,Africa,0.6,6112.27382485974,1.02,0.56,0.24,0.06,8.718054131030598
2018,58613001.0,30211846.0,ZAF,13.17551342,Africa,0.57,6914.1780318076,0.97,0.53,0.23,0.057,8.84132936961601
2018,6341732.0,3199142.0,KGZ,8.7657881,Europe,0.54,1283.5203037417,0.9,0.72,0.9,,7.157361819229083
2015,30749346.0,15267686.0,UZB,5.426418778,Europe,0.66,2803.19018021751,,,,,7.93851339767426
2018,32373490.0,16061755.0,UZB,6.120381244,Europe,0.62,1813.08530813664,,,,,7.502785263225715
2015,127275872.0,65071433.0,JPN,2.116160879,Western Pacific,7.19,34960.6393843385,101.7,,46.16,4.37,10.46197811862793
2018,126913432.0,64897017.0,JPN,2.061201945,Western Pacific,7.17,39751.1330982711,101.2,,45.94,4.35,10.590393625293084
2015,50983912.0,25407170.0,KOR,2.000572763,Western Pacific,3.07,30171.7906545222,36.17,8.26,20.44,3.22,10.31466268254703
2018,51640894.0,25804678.0,KOR,1.682272263,Western Pacific,3.0,35363.9508228687,35.38,8.08,19.99,3.15,10.473448241926059
2022,51782512.0,25941857.0,KOR,1.408851975,Western Pacific,4.25,34822.4048404971,38.83,5.97,30.29,3.8,10.458016275856812
2022,51782512.0,25941857.0,KOR,1.408851975,Western Pacific,4.25,34822.4048404971,,,,,10.458016275856812
2015,105312992.0,52476447.0,PHL,4.516494552,Western Pacific,0.19,2909.85818010301,1.15,,0.32,,7.975859623618142
2018,109465287.0,54754964.0,PHL,4.962218025,Western Pacific,0.18,3168.51036609727,1.09,,0.3,,8.06101684036853
2015,5525340.0,2637892.0,SGP,2.063055491,Western Pacific,3.74,55645.6068614606,9.44,,8.26,,10.92675841129577
2018,5634369.0,2729758.0,SGP,1.714230607,Western Pacific,3.51,66881.6067035265,8.87,,7.76,,11.11067927114715
2022,5649885.0,2730188.0,SGP,1.608494473,Western Pacific,5.13,90299.0694637269,,,,,11.410882434409864
2015,2921177.0,1577335.0,ARM,3.323610535,Europe,1.29,3512.39350276709,2.91,1.29,2.26,0.0,8.164052993685441
2018,2909965.0,1568153.0,ARM,2.351709815,Europe,1.34,4196.00562301769,3.02,1.34,2.35,0.0,8.341888309605302
2022,2880874.0,1546936.0,ARM,3.07413161,Europe,1.69,6571.97445545099,,,,,8.790569592273615
2015,1219502.0,603502.0,CYP,1.967487616,Europe,2.72,23088.44140625,21.75,8.15,13.59,0.0,10.047087399258219
2018,1270737.0,629591.0,CYP,1.143538071,Europe,2.63,29120.375,25.41,8.76,14.02,0.0,10.279193379974958
2022,1331370.0,660545.0,CYP,1.476384119,Europe,8.29,33231.04296875,,,,,10.411239747216316
2015,3791573.0,2024778.0,GEO,5.428248293,Europe,1.38,4086.6223465965,8.73,0.69,0.0,0.0,8.315474075721646
2018,3794877.0,2027255.0,GEO,5.101708232,Europe,1.38,4804.0546040444,8.75,0.69,0.0,0.0,8.477215549505885
2022,3794784.0,2026734.0,GEO,3.434045875,Europe,5.26,6729.84659930283,,,,,8.814307628813294
2015,8052908.0,4062026.0,ISR,1.386180184,Europe,3.5,36213.1041481958,7.82,10.78,1.35,0.81,10.497176325354271
2018,8510067.0,4285825.0,ISR,1.599045802,Europe,3.36,42362.6652754196,7.5,10.35,1.29,0.78,10.654022717363455
2022,9103151.0,4574595.0,ISR,1.111534751,Europe,5.08,54949.621556429,10.17,9.59,5.31,1.62,10.914172072754894
2022,9103151.0,4574595.0,ISR,1.111534751,Europe,5.08,54949.621556429,,,,,10.914172072754894
2015,3834454.0,1581764.0,KWT,0.3881396015,Eastern Mediterranean,1.46,29882.2126495698,,,,,10.30501868769552
2018,4323387.0,1661319.0,KWT,0.6651170461,Eastern Mediterranean,1.19,32067.9623756889,,,,,10.375612753895624
2022,4589511.0,1787410.0,KWT,0.6687009627,Eastern Mediterranean,1.4,39981.7691035833,,,,,10.596178856789841
2015,10524416.0,5347880.0,CZE,3.390770745,Europe,4.96,17931.5987670768,13.25,11.53,4.96,0.57,9.794319729778335
2018,10548937.0,5352610.0,CZE,2.767865218,Europe,4.86,23705.9329811299,12.99,11.31,4.86,0.56,10.07348063255074
2022,10673213.0,5411131.0,CZE,2.4534362,Europe,10.65,28282.2236715857,15.97,11.86,10.27,1.59,10.249988747456268
2022,10673213.0,5411131.0,CZE,2.4534362,Europe,10.65,28282.2236715857,,,,,10.249988747456268
2015,9839211.0,5149047.0,HUN,5.025314222,Europe,1.8,12782.9412577973,6.61,10.22,1.4,0.6,9.455866846819694
2018,9774394.0,5101218.0,HUN,4.284997142,Europe,1.81,16605.0570511887,6.63,10.25,1.41,0.6,9.717462569588667
2022,9684306.0,5039171.0,HUN,4.136511474,Europe,6.11,18428.028825614,9.52,11.8,4.97,0.93,9.821628090283692
2022,9684306.0,5039171.0,HUN,4.136511474,Europe,6.11,18428.028825614,,,,,9.821628090283692
2015,38266314.0,19712550.0,POL,4.234191531,Europe,2.72,12637.5220324406,10.58,2.8,3.27,0.34,9.444425606744861
2018,38241071.0,19689189.0,POL,4.05434685,Europe,2.72,15658.2120316794,10.6,2.8,3.27,0.34,9.658750788804161
2022,38385739.0,19781726.0,POL,3.445867656,Europe,4.62,18891.2121169279,0.0,3.7,9.25,0.87,9.84645212555858
2022,38385739.0,19781726.0,POL,3.445867656,Europe,4.62,18891.2121169279,,,,,9.84645212555858
2015,3287164.0,1761457.0,MDA,5.635379538,Europe,0.56,2749.55137054338,2.24,1.12,0.28,,7.9191930393679435
2018,3153773.0,1695711.0,MDA,6.054780349,Europe,0.57,4156.44981956646,5.45,1.15,1.43,0.0,8.332416580136679
2015,19871019.0,10266385.0,ROU,9.069372096,Europe,1.16,8977.01748158196,5.49,1.16,2.0,0.05,9.102422977129411
2018,19597872.0,10111904.0,ROU,7.964985781,Europe,1.15,12416.134317959,5.44,1.15,1.98,0.046,9.42675206049907
2015,5420278.0,2777523.0,SVK,4.454476951,Europe,4.76,16442.0760860018,,,,,9.70759894324071
2018,5443232.0,2785764.0,SVK,4.744048856,Europe,4.77,19573.3717031314,,,,,9.881925334928212
2022,5473197.0,2800528.0,SVK,4.064925342,Europe,6.78,21317.7943982363,18.32,5.49,9.52,1.47,9.967297420687904
2022,5473197.0,2800528.0,SVK,4.064925342,Europe,6.78,21317.7943982363,,,,,9.967297420687904
2015,5683701.0,2859176.0,DNK,1.668825506,Europe,9.73,53094.0133607574,24.14,14.95,13.87,5.95,10.879819458138824
2018,5793824.0,2911075.0,DNK,1.376793558,Europe,9.61,61324.7665045565,23.85,14.77,13.7,5.87,11.023939061611191
2022,5902904.0,2967061.0,DNK,1.361568968,Europe,12.26,67781.0940939514,40.75,14.68,,8.29,11.124038586871299
2022,5902904.0,2967061.0,DNK,1.361568968,Europe,12.26,67781.0940939514,,,,,11.124038586871299
2015,1314576.0,699042.0,EST,4.235139652,Europe,2.24,17722.1557669523,14.91,2.24,8.2,0.75,9.782570874036644
2018,1321965.0,698552.0,EST,3.923704328,Europe,2.33,23618.1361254581,15.54,2.33,8.55,0.78,10.069770175776512
2022,1350091.0,709362.0,EST,3.474960995,Europe,6.78,28340.3826549406,18.84,2.26,13.56,2.26,10.252043015444999
2022,1350091.0,709362.0,EST,3.474960995,Europe,6.78,28340.3826549406,,,,,10.252043015444999
2015,5479717.0,2782875.0,FIN,1.143192144,Europe,7.46,42560.3456767103,,,16.03,,10.658678246085698
2018,5515736.0,2794415.0,FIN,1.030466169,Europe,7.37,49654.2497035329,20.09,8.29,15.85,1.47,10.812839259033648
2015,4702487.0,2376064.0,IRL,2.580375796,Europe,4.03,64250.1385181257,4.7,3.13,2.01,0.45,11.070539158679278
2018,4872556.0,2459577.0,IRL,2.567505519,Europe,3.89,80804.1123164826,4.54,3.03,1.95,0.43,11.299783138220052
2022,5110016.0,2579943.0,IRL,2.262298465,Europe,11.14,105190.685952731,21.26,4.66,15.8,1.82,11.563530038795156
2022,5110016.0,2579943.0,IRL,2.262298465,Europe,11.14,105190.685952731,,,,,11.563530038795156
2015,1977867.0,1070061.0,LVA,6.063602665,Europe,4.88,13321.9753140616,,,,0.0,9.49717022995096
2018,1927588.0,1040200.0,LVA,6.409284584,Europe,5.37,17252.1710428626,,,,0.0,9.75569327209736
2022,1881063.0,1010484.0,LVA,5.520149046,Europe,6.36,20221.103686109,39.24,3.71,13.79,1.06,9.914482074967557
2022,1881063.0,1010484.0,LVA,5.520149046,Europe,6.36,20221.103686109,,,,,9.914482074967557
2015,2905764.0,1567580.0,LTU,6.966660101,Europe,3.91,14269.8039878287,18.05,2.11,5.72,0.0,9.565900974414994
2018,2802478.0,1505826.0,LTU,6.853162994,Europe,3.65,19247.2315367967,20.22,2.98,8.95,0.33,9.865122513103078
2015,5189771.0,2577878.0,NOR,1.742103757,Europe,7.78,74809.9658049898,,,,0.61,11.222706387774911
2015,9799481.0,4897775.0,SWE,1.767416278,Europe,8.32,51188.1652120493,,,,,10.843263636106574
2022,10487338.0,5207560.0,SWE,1.333983896,Europe,12.87,54836.8907235124,,,,,10.91211843483171
2015,4183729.000000001,2168973.0,HRV,2.448095692,Europe,2.95,12283.7840620053,14.53,5.9,7.04,0.45,9.416035302604943
2018,4024868.0,2086352.0,HRV,3.218379426,Europe,3.03,15460.3669595491,14.92,6.06,7.23,0.47,9.646035057923696
2015,10820903.0,5593712.0,GRC,1.208801231,Europe,4.23,17980.7298238137,,,,,9.797055898070218
2018,10730844.0,5543703.0,GRC,1.264972267,Europe,4.31,19873.4015238771,33.16,14.38,22.02,0.45,9.897137509816558
2015,60575316.0,31172302.0,ITA,0.7108459555,Europe,6.54,30639.8829751432,,,,,10.330057804498121
2018,60277499.0,30898339.0,ITA,0.8196672045,Europe,6.41,34904.1081923834,,,,,10.460359814511666
2015,444981.0,221546.0,MLT,1.369617868,Europe,4.8,25529.6813337717,9.6,7.2,9.6,2.4,10.147597028127535
2018,484558.0,238359.0,MLT,1.558585394,Europe,4.66,33382.2677499267,9.32,6.99,9.32,2.33,10.415780132293648
2015,10370267.0,5447132.0,PRT,1.719619373,Europe,4.03,19215.7813014347,27.26,5.06,9.84,0.66,9.863487163188946
2018,10325353.0,5428652.0,PRT,1.93062698,Europe,4.05,23541.1401075289,27.43,5.09,9.9,0.66,10.066504812416667
2022,10417073.0,5454599.0,PRT,1.393177927,Europe,7.16,24620.5197587181,,,,,10.11133551075517
2015,7177253.0,3759635.0,SRB,6.093985747,Europe,1.42,5820.3215576888,13.19,0.3,5.99,0.2,8.669110789661225
2018,7020019.0,3676325.0,SRB,6.165006276,Europe,1.47,7559.86165747394,13.67,0.32,6.2,0.21,8.930608169730212
2022,6791213.0,3560218.0,SRB,5.865268936,Europe,4.12,10024.8191112596,,,,,9.212819208247351
2015,2059947.0,1038582.0,SVN,2.215238051,Europe,3.45,20697.2748530619,12.32,6.9,4.43,0.99,9.937757320976354
2018,2069481.0,1038471.0,SVN,1.465790941,Europe,5.79,25888.0481065655,13.51,8.2,8.69,0.97,10.161536678113812
2015,46683686.0,23704368.0,ESP,1.420607552,Europe,4.23,25982.4416197775,14.11,4.84,8.29,,10.165176266554539
2018,47092821.0,23956747.0,ESP,1.29839678,Europe,4.16,30602.4212881113,13.85,4.75,8.14,,10.328834411872553
2022,47828382.0,24342743.0,ESP,1.298616746,Europe,9.28,30319.4987196616,19.14,6.61,17.22,1.8,10.319546306626945
2022,47828382.0,24342743.0,ESP,1.298616746,Europe,9.28,30319.4987196616,,,,,10.319546306626945
2015,8644039.0,4406991.0,AUT,1.571439951,Europe,5.48,43915.228020857,28.83,,16.8,2.74,10.690016418660566
2018,8841650.0,4493255.0,AUT,1.518163404,Europe,5.41,51194.0749841299,28.49,,16.6,2.71,10.843379081364967
2022,9064677.0,4603980.0,AUT,1.298201276,Europe,8.44,52336.7725223758,28.31,10.33,23.1,2.66,10.86545451049114
2022,9064677.0,4603980.0,AUT,1.298201276,Europe,8.44,52336.7725223758,,,,,10.86545451049114
2015,11275335.0,5728079.0,BEL,1.475726883,Europe,8.96,40893.804537772,,,,,10.618733852262814
2018,11428605.0,5798251.0,BEL,1.559283845,Europe,8.28,47487.2100392561,,,,,10.76821569143367
2015,64916336.0,33500238.0,FRA,1.229287245,Europe,6.78,36702.4323733379,,,10.37,,10.510598309049092
2018,65519543.0,33798505.0,FRA,1.309105886,Europe,7.51,41418.1766484844,,,10.13,,10.631475112939684
2022,66277409.0,34160427.0,FRA,1.316348226,Europe,9.18,40988.6396406579,18.72,7.08,15.84,2.56,10.62105022535698
2022,66277409.0,34160427.0,FRA,1.316348226,Europe,9.18,40988.6396406579,,,,,10.62105022535698
2015,82077550.0,41675704.0,DEU,1.755905016,Europe,6.43,41929.7549110722,,,,,10.643750994955075
2018,83368505.0,42204810.0,DEU,1.875882874,Europe,6.44,48916.1686612154,,,,,10.797863268279754
2015,569536.0,283976.0,LUX,1.846029616,Europe,3.94,105462.012584423,19.71,17.74,13.79,1.97,11.566106096767557
2018,608101.0,302368.0,LUX,0.5410234722,Europe,3.77,116926.759593905,18.85,16.97,13.2,1.89,11.669303031391737
2015,8283933.999999999,4185501.0,CHE,0.8396766757,Europe,9.79,83806.4476003837,,,,,11.336265223849127
2022,8792182.0,4426958.0,CHE,0.8062978234,Europe,12.82,94394.5106803525,,,,,11.455238200870303
2015,11275065.0,5681406.0,CUB,5.043795274,Americas,1.15,7727.91997207998,4.8,1.24,0.8,,8.952595020259022
2018,11227118.0,5665168.0,CUB,5.590648273,Americas,1.15,8911.46205998726,4.79,1.24,0.8,,9.095093599033225
2015,356333.0,177130.0,BLZ,9.496609661,Americas,0.0,6154.62264230369,12.84,0.0,3.21,0.0,8.724958727608884
2015,4818038.0,2432275.0,CRI,4.16523657,Americas,1.72,11714.7105980732,3.01,1.07,0.64,0.0,9.368600647100541
2018,4957818.0,2503744.0,CRI,3.511222439,Americas,2.26,12590.2493781614,5.13,1.23,0.82,0.21,9.440677934480144
2022,5081765.0,2569725.0,CRI,4.225911744,Americas,1.37,13625.9008491328,,,,,9.519727734713333
2015,15971743.0,8043664.0,GTM,7.002816839,Americas,0.83,3893.50533299068,,,,,8.267065144732472
2018,16845685.0,8484035.0,GTM,6.4084399,Americas,0.65,4352.94593289707,,,,,8.378608120822063
2022,17847877.0,8996407.0,GTM,5.411622085,Americas,0.78,5358.70156997677,,,,,8.586476980311613
2015,121072306.0,62006295.0,MEX,6.109427727,Americas,0.58,10021.2386118827,3.94,0.82,1.53,0.12,9.21246198095963
2018,124573711.0,63932674.0,MEX,5.836958188,Americas,0.54,10084.7937562021,3.65,0.76,1.41,0.11,9.218783999629082
2022,128613117.0,66211395.99999999,MEX,5.359302547,Americas,1.86,11405.7940473759,,,,,9.341876755037235
2015,6149417.0,3128020.0,NIC,9.435982745,Americas,0.35,2074.45620634731,0.52,0.17,0.17,0.0,7.637454329088445
2018,6400080.0,3253689.0,NIC,9.186870566,Americas,0.33,2035.16549390507,0.49,0.16,0.16,0.0,7.6183324183563705
2022,6730654.0,3421642.0,NIC,8.941688563,Americas,0.91,2322.89053964583,,,,,7.750567611404438
2015,3960035.0,1976666.0,PAN,7.485265642,Americas,1.71,14082.6548434996,10.52,2.27,3.13,0.0,9.552699166163743
2018,4167860.0,2080896.0,PAN,6.166548771,Americas,1.55,16151.3273433486,9.58,2.07,2.85,0.0,9.689757513716156
2022,4400773.0,2199575.0,PAN,7.674045741,Americas,2.32,17378.6070017557,,,,,9.762995246111021
2015,43477012.0,21939310.0,ARG,4.300167489,Americas,2.82,13679.6264980954,,,,,9.52366288803301
2018,44654882.0,22512096.0,ARG,4.720670631,Americas,2.75,11752.7998922979,,,,,9.371846779892264
2022,45407904.0,22880775.0,ARG,4.783415826,Americas,3.96,13962.1894087223,,,,,9.544108198454824
2015,201675532.0,102088079.0,BRA,4.604653224,Americas,1.76,8936.1955889444,,,,,9.097865228260668
2018,206107261.0,104452738.0,BRA,4.843195263,Americas,1.74,9300.66072904004,,,,,9.137840722751028
2015,18047625.0,9071160.0,CHL,4.607123235,Americas,0.93,13433.9202987032,12.97,,4.5,0.0,9.505538153004625
2018,18893191.0,9495561.0,CHL,4.194127846,Americas,0.91,15659.4808675628,12.6,,4.37,0.0,9.658831818775825
2015,46969940.0,23748377.0,COL,5.950967466,Americas,1.38,6248.51490534512,,,,,8.740099099350715
2018,49024465.0,24795336.0,COL,5.63197911,Americas,1.45,6816.96818309544,,,,,8.827170104063562
2015,16266225.0,8140628.0,ECU,5.432920935,Americas,0.14,5976.1596805651,1.73,0.14,0.14,0.14,8.695533446764424
2018,17049547.0,8531909.0,ECU,4.889848574,Americas,0.13,6303.91886658338,1.59,0.13,0.13,0.13,8.748926761306318
2022,17823897.0,8935073.0,ECU,4.513752895,Americas,1.59,6515.58528418336,,,,,8.781952321929632
2015,758781.0,386282.0,GUY,9.290973239,Americas,1.33,5640.41560569466,3.98,,1.33,,8.637713030730161
2018,791556.0,403661.0,GUY,11.99784179,Americas,1.25,6048.38697180418,3.75,,1.25,,8.707546899245747
2015,6159103.0,3059517.0,PRY,10.58726771,Americas,0.62,5879.33792308762,1.08,0.0,0.31,0.0,8.67919943643868
2018,6427382.0,3196439.0,PRY,11.23893629,Americas,0.59,6258.44991640984,1.03,0.0,0.29,0.0,8.74168781624502
2015,3368017.0,1735969.0,URY,3.34865746,Americas,3.86,17125.9016800298,13.06,2.97,2.97,0.3,9.748347314592769
2018,3394534.0,1748368.0,URY,2.966462558,Americas,3.82,19249.9404677501,12.91,2.94,2.94,0.29,9.865263247126737
2022,3390913.0,1746501.0,URY,3.656837237,Americas,6.91,20818.6146091144,,,,,9.943602798606014
2015,30573972.0,15378701.0,VEN,9.740112026,Americas,2.31,4103.1384987005,,,,,8.319507447344211
2015,35962234.0,18124573.0,CAN,1.31640463,Americas,8.73,43594.1941045394,14.23,21.05,8.26,1.18,10.682679257730259
2018,37295005.0,18780076.0,CAN,1.16664805,Americas,8.07,46539.1761570405,13.76,20.35,7.99,1.14,10.748049734874089
2022,38821259.0,19538904.0,CAN,1.233960422,Americas,9.3,56256.8007264015,,,,,10.937682214561326
2015,326126497.0,162671094.0,USA,1.696197001,Americas,12.76,56572.9188996063,,,,,10.943285685019262
2018,335056497.0,166697774.0,USA,1.607717623,Americas,12.37,62499.8744390068,,,,,11.042919826746584
2022,341534046.0,169861303.0,USA,1.509663419,Americas,13.16,76657.2488844403,44.56,48.37,40.11,5.41,11.247099451053959
2022,341534046.0,169861303.0,USA,1.509663419,Americas,13.16,76657.2488844403,,,,,11.247099451053959
2015,23948002.0,12055514.0,AUS,1.210938792,Western Pacific,4.22,56970.3613028094,,,,,10.950286434437997
2018,25119706.0,12654146.0,AUS,1.154507884,Western Pacific,4.03,57410.1737346009,,,,,10.957976809365096
2022,26200984.0,13200513.0,AUS,1.261053262,Western Pacific,9.29,65169.5191118657,69.88,18.94,14.71,4.0,11.084747140319083
2022,26200984.0,13200513.0,AUS,1.261053262,Western Pacific,9.29,65169.5191118657,,,,,11.084747140319083
2015,4614029.0,2342197.0,NZL,1.446799588,Western Pacific,7.1,38665.3723018158,15.8,3.43,9.62,0.46,10.562699705907054
2018,4900847.0,2471081.0,NZL,1.450682868,Western Pacific,6.21,43257.0769238879,,,,,10.674916127272361
