Cancer label,Sex,Type,Year,ASR (World),Crude rate,Cumulative risk,Total,Country_harmonized,Country,Region Name,RTCenters,Linac,Protontherapy,XRay,Brachytherapy,Last Update,Population,Population_male,Population_female,GDP_per_capita
Lung,Male,Mortality,2022,20.68974662,50.97924888,2.350678581,9830,Canada,Canada,Northern America,52,296,0,14,52,2025,38821259.0,19282356.0,19538904.0,56256.8007264015
Lung,Female,Mortality,2022,17.43395158,47.70482642,2.065611087,9321,Canada,Canada,Northern America,52,296,0,14,52,2025,38821259.0,19282356.0,19538904.0,56256.8007264015
Lung,Male,Mortality,2022,5.421611968,8.001466537,0.6187544792,201,Costa Rica,Costa Rica,Central America,5,12,0,1,1,2025,5081765.0,2512039.0,2569725.0,13625.9008491328
Lung,Female,Mortality,2022,2.728050192,4.708675053,0.3091545514,121,Costa Rica,Costa Rica,Central America,5,12,0,1,1,2025,5081765.0,2512039.0,2569725.0,13625.9008491328
Lung,Male,Mortality,2022,23.67014002,53.42522472,2.65247864,240,Cyprus,Cyprus,Western Asia,2,10,0,1,3,2025,1331370.0,670824.0,660545.0,33231.04296875
Lung,Female,Mortality,2022,8.646329193,16.54382523,1.039276137,78,Cyprus,Cyprus,Western Asia,2,10,0,1,3,2025,1331370.0,670824.0,660545.0,33231.04296875
Lung,Male,Mortality,2022,25.47311949,58.76583784,3.135460257,3102,Czechia,Czech Republic,Eastern Europe,36,67,1,30,16,2021,10673213.0,5262083.0,5411131.0,28282.2236715857
Lung,Female,Mortality,2022,12.08068543,34.13643041,1.536883035,1871,Czechia,Czech Republic,Eastern Europe,36,67,1,30,16,2021,10673213.0,5262083.0,5411131.0,28282.2236715857
Lung,Male,Incidence,2022,34.31986034,84.8899613,4.248406153,2494,Denmark,Denmark,Northern Europe,8,55,1,8,8,2020,5902904.0,2935843.0,2967061.0,67781.0940939514
Lung,Male,Mortality,2022,21.8149348,57.83689009,2.494459715,1698,Denmark,Denmark,Northern Europe,8,55,1,8,8,2020,5902904.0,2935843.0,2967061.0,67781.0940939514
Lung,Female,Incidence,2022,35.27687646,90.62602602,4.540754013,2694,Denmark,Denmark,Northern Europe,8,55,1,8,8,2020,5902904.0,2935843.0,2967061.0,67781.0940939514
Lung,Female,Mortality,2022,20.28375767,58.27315313,2.511203995,1729,Denmark,Denmark,Northern Europe,8,55,1,8,8,2020,5902904.0,2935843.0,2967061.0,67781.0940939514
Lung,Male,Mortality,2022,4.398404886,4.443783439,0.4318622264,395,Ecuador,Ecuador,South America,12,35,0,0,5,2025,17823897.0,8888825.0,8935073.0,6515.58528418336
Lung,Female,Mortality,2022,3.502978772,4.27528636,0.3577962408,382,Ecuador,Ecuador,South America,12,35,0,0,5,2025,17823897.0,8888825.0,8935073.0,6515.58528418336
Lung,Male,Mortality,2022,28.2523207,57.74667781,3.493314331,370,Estonia,Estonia,Northern Europe,2,10,0,0,3,2025,1350091.0,640730.0,709362.0,28340.3826549406
Lung,Female,Mortality,2022,7.866762247,25.09297087,0.9484885687,178,Estonia,Estonia,Northern Europe,2,10,0,0,3,2025,1350091.0,640730.0,709362.0,28340.3826549406
Lung,Male,Incidence,2022,23.63749407,63.31211892,2.89850584,1740,Finland,Finland,Northern Europe,13,50,0,0,7,2020,5569299.0,2753008.0,2816291.0,50440.560224974
Lung,Male,Mortality,2022,19.42570878,54.23157974,2.371257198,1493,Finland,Finland,Northern Europe,13,50,0,0,7,2020,5569299.0,2753008.0,2816291.0,50440.560224974
Lung,Female,Incidence,2022,15.06439842,43.02275451,1.940266789,1208,Finland,Finland,Northern Europe,13,50,0,0,7,2020,5569299.0,2753008.0,2816291.0,50440.560224974
Lung,Female,Mortality,2022,9.558367065,32.31200759,1.222204226,910,Finland,Finland,Northern Europe,13,50,0,0,7,2020,5569299.0,2753008.0,2816291.0,50440.560224974
Lung,Male,Mortality,2022,27.6332503,63.33098172,3.397045857,20340,France,France,Western Europe,168,570,4,2,90,2023,66277409.0,32116982.0,34160427.0,40988.6396406579
Lung,Female,Mortality,2022,12.08152786,29.80641943,1.518715881,10182,France,France,Western Europe,168,570,4,2,90,2023,66277409.0,32116982.0,34160427.0,40988.6396406579
Lung,Male,Mortality,2022,28.34695331,45.52523904,3.701720769,812,Georgia,Georgia,Western Asia,9,18,0,1,3,2025,3794784.0,1768050.0,2026734.0,6729.84659930283
Lung,Female,Mortality,2022,2.517182174,5.911569148,0.2987527201,114,Georgia,Georgia,Western Asia,9,18,0,1,3,2025,3794784.0,1768050.0,2026734.0,6729.84659930283
Lung,Male,Mortality,2022,16.96315197,23.11435248,2.113642386,5207,Argentina,Argentina,South America,89,131,0,8,47,2025,45407904.0,22527129.0,22880775.0,13962.1894087223
Lung,Female,Mortality,2022,8.678457768,14.22154625,1.114530097,3254,Argentina,Argentina,South America,89,131,0,8,47,2025,45407904.0,22527129.0,22880775.0,13962.1894087223
Lung,Male,Mortality,2022,3.665433912,2.293404113,0.3914389695,203,Guatemala,Guatemala,Central America,5,9,0,1,3,2025,17847877.0,8851469.0,8996407.0,5358.70156997677
Lung,Female,Mortality,2022,2.867786998,2.134184636,0.3042204856,192,Guatemala,Guatemala,Central America,5,9,0,1,3,2025,17847877.0,8851469.0,8996407.0,5358.70156997677
Lung,Male,Mortality,2022,48.05737654,96.2081834,6.226005765,4469,Hungary,Hungary,Eastern Europe,14,53,0,4,14,2025,9684306.0,4645135.0,5039171.0,18428.028825614
Lung,Female,Mortality,2022,25.46071852,65.30836772,3.415833792,3291,Hungary,Hungary,Eastern Europe,14,53,0,4,14,2025,9684306.0,4645135.0,5039171.0,18428.028825614
Lung,Male,Incidence,2022,26.69560332,47.32728087,3.167053104,93,Iceland,Iceland,Northern Europe,1,2,0,0,1,2018,380356.0,194847.0,185508.0,76350.4550416502
Lung,Female,Incidence,2022,34.80686329,68.99934774,4.395623377,128,Iceland,Iceland,Northern Europe,1,2,0,0,1,2018,380356.0,194847.0,185508.0,76350.4550416502
Lung,Male,Mortality,2022,17.90943848,39.87685976,1.970590578,5147,Australia,Australia,Australia and New Zealand,103,224,0,6,10,2025,26200984.0,13000471.0,13200513.0,65169.5191118657
Lung,Female,Mortality,2022,12.2033846,29.80538322,1.387339288,3904,Australia,Australia,Australia and New Zealand,103,224,0,6,10,2025,26200984.0,13000471.0,13200513.0,65169.5191118657
Lung,Male,Mortality,2022,21.6354594,42.96320421,2.46996042,1087,Ireland,Ireland,Northern Europe,12,42,0,4,14,2017,5110016.0,2530072.0,2579943.0,105190.685952731
Lung,Female,Mortality,2022,15.49539922,33.99299248,1.878760328,877,Ireland,Ireland,Northern Europe,12,42,0,4,14,2017,5110016.0,2530072.0,2579943.0,105190.685952731
Lung,Male,Mortality,2022,17.595791,25.5444678,2.127540772,1213,Israel,Israel,Western Asia,12,37,0,2,14,2025,9103151.0,4528556.0,4574595.0,54949.621556429
Lung,Female,Mortality,2022,7.729238187,13.57891554,0.9625051238,653,Israel,Israel,Western Asia,12,37,0,2,14,2025,9103151.0,4528556.0,4574595.0,54949.621556429
Lung,Male,Mortality,2022,22.59982247,52.9737782,2.832824854,2363,Austria,Austria,Western Europe,17,58,1,8,20,2021,9064677.0,4460698.0,4603980.0,52336.7725223758
Lung,Female,Mortality,2022,14.52318218,38.27123904,1.841865806,1762,Austria,Austria,Western Europe,17,58,1,8,20,2021,9064677.0,4460698.0,4603980.0,52336.7725223758
Lung,Male,Mortality,2022,23.34107406,53.69999,2.4064424,13715,South Korea,"Korea, Republic of",Eastern Asia,65,190,2,0,37,2023,51782512.0,25840655.0,25941857.0,34822.4048404971
Lung,Female,Mortality,2022,6.147250426,18.93145009,0.609813694,4869,South Korea,"Korea, Republic of",Eastern Asia,65,190,2,0,37,2023,51782512.0,25840655.0,25941857.0,34822.4048404971
Lung,Male,Mortality,2022,8.529084648,3.318939367,0.9626130247,93,Kuwait,Kuwait,Western Asia,2,5,0,0,1,2021,4589511.0,2802100.0,1787410.0,39981.7691035833
Lung,Female,Mortality,2022,2.942392845,1.846245771,0.2999414069,33,Kuwait,Kuwait,Western Asia,2,5,0,0,1,2021,4589511.0,2802100.0,1787410.0,39981.7691035833
Lung,Male,Mortality,2022,38.92411886,79.01788124,4.985766184,688,Latvia,Latvia,Northern Europe,6,15,0,2,1,2023,1881063.0,870579.0,1010484.0,20221.103686109
Lung,Female,Mortality,2022,6.677988566,21.1164139,0.8190822543,213,Latvia,Latvia,Northern Europe,6,15,0,2,1,2023,1881063.0,870579.0,1010484.0,20221.103686109
Lung,Male,Mortality,2022,31.98352821,65.16765913,4.025004131,861,Lithuania,Lithuania,Northern Europe,5,16,0,4,8,2024,2816919.0,1326195.0,1490725.0,25085.784063499
Lung,Female,Mortality,2022,5.961350003,17.61086736,0.7539641741,266,Lithuania,Lithuania,Northern Europe,5,16,0,4,8,2024,2816919.0,1326195.0,1490725.0,25085.784063499
Lung,Male,Mortality,2022,15.94460051,31.33041727,1.832365242,103,Luxembourg,Luxembourg,Western Europe,1,4,0,0,2,2017,653313.0,328888.0,324425.0,123719.658915996
Lung,Female,Mortality,2022,11.72373221,24.66479009,1.378250128,80,Luxembourg,Luxembourg,Western Europe,1,4,0,0,2,2017,653313.0,328888.0,324425.0,123719.658915996
Lung,Male,Mortality,2022,10.93758773,16.74494013,1.29699466,107,Mauritius,Mauritius,Eastern Africa,1,5,0,0,1,2024,1276130.0,638999.0,637130.0,10246.5017455553
Lung,Female,Mortality,2022,5.318940231,8.946361852,0.5217774518,57,Mauritius,Mauritius,Eastern Africa,1,5,0,0,1,2024,1276130.0,638999.0,637130.0,10246.5017455553
Lung,Male,Mortality,2022,5.330155506,5.690548137,0.5767911026,3551,Mexico,Mexico,Central America,114,207,0,2,66,2025,128613117.0,62401721.0,66211395.99999999,11405.7940473759
Lung,Female,Mortality,2022,3.280207645,3.935878349,0.365243739,2606,Mexico,Mexico,Central America,114,207,0,2,66,2025,128613117.0,62401721.0,66211395.99999999,11405.7940473759
Lung,Male,Mortality,2022,48.37443946,69.94322829,5.944714697,933,Armenia,Armenia,Western Asia,2,5,0,0,3,2025,2880874.0,1333939.0,1546936.0,6571.97445545099
Lung,Female,Mortality,2022,6.807145979,13.18736302,0.6911357782,204,Armenia,Armenia,Western Asia,2,5,0,0,3,2025,2880874.0,1333939.0,1546936.0,6571.97445545099
Lung,Male,Mortality,2022,4.585779695,2.991829585,0.4293092319,99,Nicaragua,Nicaragua,Central America,1,5,0,1,1,2021,6730654.0,3309012.0,3421642.0,2322.89053964583
Lung,Female,Mortality,2022,2.255178741,1.987350514,0.2611680764,68,Nicaragua,Nicaragua,Central America,1,5,0,1,1,2021,6730654.0,3309012.0,3421642.0,2322.89053964583
Lung,Male,Incidence,2022,28.39754963,65.78466752,3.433094046,1810,Norway,Norway,Northern Europe,10,44,0,7,12,2021,5456801.0,2751263.0,2705539.0,109269.520580298
Lung,Female,Incidence,2022,26.33599634,64.60373297,3.314876716,1748,Norway,Norway,Northern Europe,10,44,0,7,12,2021,5456801.0,2751263.0,2705539.0,109269.520580298
Lung,Male,Mortality,2022,5.950203358,7.041613665,0.6489934153,155,Panama,Panama,Central America,3,7,0,0,1,2025,4400773.0,2201198.0,2199575.0,17378.6070017557
Lung,Female,Mortality,2022,3.623879275,4.819114974,0.4473635686,106,Panama,Panama,Central America,3,7,0,0,1,2025,4400773.0,2201198.0,2199575.0,17378.6070017557
Lung,Male,Mortality,2022,35.16610352,73.25234985,4.456595703,13042,Poland,Poland,Eastern Europe,47,173,2,0,24,2023,38385739.0,18604014.0,19781726.0,18891.2121169279
Lung,Female,Mortality,2022,16.15207672,41.75172012,2.176340536,7935,Poland,Poland,Eastern Europe,47,173,2,0,24,2023,38385739.0,18604014.0,19781726.0,18891.2121169279
Lung,Male,Mortality,2022,25.5717614,64.98774603,3.159689822,3225,Portugal,Portugal,Southern Europe,24,57,0,0,17,2025,10417073.0,4962474.0,5454599.0,24620.5197587181
Lung,Female,Mortality,2022,7.796134104,22.01811315,0.9315868167,1201,Portugal,Portugal,Southern Europe,24,57,0,0,17,2025,10417073.0,4962474.0,5454599.0,24620.5197587181
Lung,Male,Mortality,2022,40.27280537,92.01369282,5.340824554,2982,Serbia,Serbia,Southern Europe,9,39,0,1,5,2025,6791213.0,3230996.0,3560218.0,10024.8191112596
Lung,Female,Mortality,2022,17.57469425,42.82008525,2.337345152,1466,Serbia,Serbia,Southern Europe,9,39,0,1,5,2025,6791213.0,3230996.0,3560218.0,10024.8191112596
Lung,Male,Mortality,2022,18.28095025,39.54352602,1.935130401,787,Singapore,Singapore,South-Eastern Asia,11,28,3,0,6,2024,5649885.0,2919697.0,2730188.0,90299.0694637269
Lung,Female,Mortality,2022,8.715502606,21.36314124,0.8687887745,445,Singapore,Singapore,South-Eastern Asia,11,28,3,0,6,2024,5649885.0,2919697.0,2730188.0,90299.0694637269
Lung,Male,Mortality,2022,27.93621466,53.49145624,3.577573017,1421,Slovakia,Slovakia,Eastern Europe,13,24,0,7,6,2024,5473197.0,2672668.0,2800528.0,21317.7943982363
Lung,Female,Mortality,2022,9.429903899,23.34920575,1.174401678,648,Slovakia,Slovakia,Eastern Europe,13,24,0,7,6,2024,5473197.0,2672668.0,2800528.0,21317.7943982363
Lung,Male,Mortality,2022,29.88614385,71.36275614,3.696567072,16760,Spain,Spain,Southern Europe,126,262,3,21,135,2024,47828382.0,23485640.0,24342743.0,30319.4987196616
Lung,Female,Mortality,2022,10.15831132,24.51243939,1.330012139,5967,Spain,Spain,Southern Europe,126,262,3,21,135,2024,47828382.0,23485640.0,24342743.0,30319.4987196616
Lung,Male,Incidence,2022,14.10744949,36.3101191,1.726431102,1917,Sweden,Sweden,Northern Europe,18,80,1,27,23,2024,10487338.0,5279778.0,5207560.0,54836.8907235124
Lung,Male,Mortality,2022,10.69645962,30.24898781,1.198262479,1597,Sweden,Sweden,Northern Europe,18,80,1,27,23,2024,10487338.0,5279778.0,5207560.0,54836.8907235124
Lung,Female,Incidence,2022,17.41656994,46.14559463,2.257979347,2403,Sweden,Sweden,Northern Europe,18,80,1,27,23,2024,10487338.0,5279778.0,5207560.0,54836.8907235124
Lung,Female,Mortality,2022,11.71871808,36.48635972,1.433202215,1900,Sweden,Sweden,Northern Europe,18,80,1,27,23,2024,10487338.0,5279778.0,5207560.0,54836.8907235124
Lung,Male,Mortality,2022,17.50579254,43.2967472,2.019804518,1890,Switzerland,Switzerland,Western Europe,38,85,1,10,25,2024,8792182.0,4365224.0,4426958.0,94394.5106803525
Lung,Female,Mortality,2022,11.91558799,32.34726871,1.518683147,1432,Switzerland,Switzerland,Western Europe,38,85,1,10,25,2024,8792182.0,4365224.0,4426958.0,94394.5106803525
Lung,Male,Mortality,2022,19.45387794,40.43274371,2.247641979,69412,United States of America,United States of America,Northern America,2237,3892,44,6,638,2024,341534046.0,171672742.0,169861303.0,76657.2488844403
Lung,Female,Mortality,2022,15.22758354,36.83534678,1.776694665,62569,United States of America,United States of America,Northern America,2237,3892,44,6,638,2024,341534046.0,171672742.0,169861303.0,76657.2488844403
Lung,Male,Mortality,2022,32.82023521,52.96726125,4.128052794,871,Uruguay,Uruguay,South America,12,23,0,0,5,2025,3390913.0,1644412.0,1746501.0,20818.6146091144
Lung,Female,Mortality,2022,12.17596777,23.01742396,1.576480649,402,Uruguay,Uruguay,South America,12,23,0,0,5,2025,3390913.0,1644412.0,1746501.0,20818.6146091144
Breast,Female,Mortality,2022,11.23624997,27.48363029,1.16689989,5370,Canada,Canada,Northern America,52,296,0,14,52,2025,38821259.0,19282356.0,19538904.0,56256.8007264015
Breast,Female,Mortality,2022,9.836689472,15.37129459,1.083770222,395,Costa Rica,Costa Rica,Central America,5,12,0,1,1,2025,5081765.0,2512039.0,2569725.0,13625.9008491328
Breast,Female,Mortality,2022,11.07960313,25.45203881,1.034112383,120,Cyprus,Cyprus,Western Asia,2,10,0,1,3,2025,1331370.0,670824.0,660545.0,33231.04296875
Breast,Female,Mortality,2022,11.50132993,30.90706206,1.183571651,1694,Czechia,Czech Republic,Eastern Europe,36,67,1,30,16,2021,10673213.0,5262083.0,5411131.0,28282.2236715857
Breast,Female,Incidence,2022,89.80534572,169.780829,9.60417192,5047,Denmark,Denmark,Northern Europe,8,55,1,8,8,2020,5902904.0,2935843.0,2967061.0,67781.0940939514
Breast,Female,Mortality,2022,12.52059986,35.35485115,1.195668665,1049,Denmark,Denmark,Northern Europe,8,55,1,8,8,2020,5902904.0,2935843.0,2967061.0,67781.0940939514
Breast,Female,Mortality,2022,7.312578331,8.371503135,0.759204292,748,Ecuador,Ecuador,South America,12,35,0,0,5,2025,17823897.0,8888825.0,8935073.0,6515.58528418336
Breast,Female,Mortality,2022,11.54993333,32.70544517,1.289139032,232,Estonia,Estonia,Northern Europe,2,10,0,0,3,2025,1350091.0,640730.0,709362.0,28340.3826549406
Breast,Female,Incidence,2022,86.60645109,173.4443829,9.399464741,4870,Finland,Finland,Northern Europe,13,50,0,0,7,2020,5569299.0,2753008.0,2816291.0,50440.560224974
Breast,Female,Mortality,2022,10.72622345,30.57213025,1.17539362,861,Finland,Finland,Northern Europe,13,50,0,0,7,2020,5569299.0,2753008.0,2816291.0,50440.560224974
Breast,Female,Mortality,2022,13.43948028,36.67108782,1.410248587,12527,France,France,Western Europe,168,570,4,2,90,2023,66277409.0,32116982.0,34160427.0,40988.6396406579
Breast,Female,Mortality,2022,14.26338063,28.62444009,1.681037466,552,Georgia,Georgia,Western Asia,9,18,0,1,3,2025,3794784.0,1768050.0,2026734.0,6729.84659930283
Breast,Female,Mortality,2022,16.02122427,25.1914544,1.745260907,5764,Argentina,Argentina,South America,89,131,0,8,47,2025,45407904.0,22527129.0,22880775.0,13962.1894087223
Breast,Female,Mortality,2022,5.970389755,4.457333536,0.6429235012,401,Guatemala,Guatemala,Central America,5,9,0,1,3,2025,17847877.0,8851469.0,8996407.0,5358.70156997677
Breast,Female,Mortality,2022,16.13275461,41.75290358,1.796487517,2104,Hungary,Hungary,Eastern Europe,14,53,0,4,14,2025,9684306.0,4645135.0,5039171.0,18428.028825614
Breast,Female,Incidence,2022,94.67817824,146.6236139,10.77053276,272,Iceland,Iceland,Northern Europe,1,2,0,0,1,2018,380356.0,194847.0,185508.0,76350.4550416502
Breast,Female,Mortality,2022,10.79106925,23.98020202,1.138148941,3141,Australia,Australia,Australia and New Zealand,103,224,0,6,10,2025,26200984.0,13000471.0,13200513.0,65169.5191118657
Breast,Female,Mortality,2022,15.11352432,30.34950184,1.524840194,783,Ireland,Ireland,Northern Europe,12,42,0,4,14,2017,5110016.0,2530072.0,2579943.0,105190.685952731
Breast,Female,Mortality,2022,12.55138998,21.56406649,1.287488172,1037,Israel,Israel,Western Asia,12,37,0,2,14,2025,9103151.0,4528556.0,4574595.0,54949.621556429
Breast,Female,Mortality,2022,11.68628745,34.49189989,1.183285388,1588,Austria,Austria,Western Europe,17,58,1,8,20,2021,9064677.0,4460698.0,4603980.0,52336.7725223758
Breast,Female,Mortality,2022,5.603697692,11.1240252,0.6173184331,2861,South Korea,"Korea, Republic of",Eastern Asia,65,190,2,0,37,2023,51782512.0,25840655.0,25941857.0,34822.4048404971
Breast,Female,Mortality,2022,10.02124697,7.21714256,1.172517325,129,Kuwait,Kuwait,Western Asia,2,5,0,0,1,2021,4589511.0,2802100.0,1787410.0,39981.7691035833
Breast,Female,Mortality,2022,14.04409716,40.44834211,1.506904224,408,Latvia,Latvia,Northern Europe,6,15,0,2,1,2023,1881063.0,870579.0,1010484.0,20221.103686109
Breast,Female,Mortality,2022,14.56227075,36.74447889,1.611256697,555,Lithuania,Lithuania,Northern Europe,5,16,0,4,8,2024,2816919.0,1326195.0,1490725.0,25085.784063499
Breast,Female,Mortality,2022,12.65848497,30.83098761,1.295370452,100,Luxembourg,Luxembourg,Western Europe,1,4,0,0,2,2017,653313.0,328888.0,324425.0,123719.658915996
Breast,Female,Mortality,2022,18.96845769,31.39074334,1.976761027,200,Mauritius,Mauritius,Eastern Africa,1,5,0,0,1,2024,1276130.0,638999.0,637130.0,10246.5017455553
Breast,Female,Mortality,2022,9.927216949,11.51463413,1.081347717,7624,Mexico,Mexico,Central America,114,207,0,2,66,2025,128613117.0,62401721.0,66211395.99999999,11405.7940473759
Breast,Female,Mortality,2022,14.96633531,27.86153657,1.618366611,431,Armenia,Armenia,Western Asia,2,5,0,0,3,2025,2880874.0,1333939.0,1546936.0,6571.97445545099
Breast,Female,Mortality,2022,8.117853431,7.247984227,0.8697680485,248,Nicaragua,Nicaragua,Central America,1,5,0,1,1,2021,6730654.0,3309012.0,3421642.0,2322.89053964583
Breast,Female,Incidence,2022,91.49552428,156.0764098,9.687267476,4223,Norway,Norway,Northern Europe,10,44,0,7,12,2021,5456801.0,2751263.0,2705539.0,109269.520580298
Breast,Female,Mortality,2022,10.93979866,13.45715125,1.229062055,296,Panama,Panama,Central America,3,7,0,0,1,2025,4400773.0,2201198.0,2199575.0,17378.6070017557
Breast,Female,Mortality,2022,13.91561697,34.78520753,1.512069692,6611,Poland,Poland,Eastern Europe,47,173,2,0,24,2023,38385739.0,18604014.0,19781726.0,18891.2121169279
Breast,Female,Mortality,2022,12.51590946,34.6863198,1.26141728,1892,Portugal,Portugal,Southern Europe,24,57,0,0,17,2025,10417073.0,4962474.0,5454599.0,24620.5197587181
Breast,Female,Mortality,2022,19.13279054,48.07766734,2.135104736,1646,Serbia,Serbia,Southern Europe,9,39,0,1,5,2025,6791213.0,3230996.0,3560218.0,10024.8191112596
Breast,Female,Mortality,2022,10.94087237,23.0433883,1.23659893,480,Singapore,Singapore,South-Eastern Asia,11,28,3,0,6,2024,5649885.0,2919697.0,2730188.0,90299.0694637269
Breast,Female,Mortality,2022,15.66297991,36.284954,1.703907696,1007,Slovakia,Slovakia,Eastern Europe,13,24,0,7,6,2024,5473197.0,2672668.0,2800528.0,21317.7943982363
Breast,Female,Mortality,2022,9.995780327,27.42911979,1.039813427,6677,Spain,Spain,Southern Europe,126,262,3,21,135,2024,47828382.0,23485640.0,24342743.0,30319.4987196616
Breast,Female,Incidence,2022,84.73814013,150.8229298,9.475295231,7854,Sweden,Sweden,Northern Europe,18,80,1,27,23,2024,10487338.0,5279778.0,5207560.0,54836.8907235124
Breast,Female,Mortality,2022,10.01135518,26.38539908,1.05364016,1374,Sweden,Sweden,Northern Europe,18,80,1,27,23,2024,10487338.0,5279778.0,5207560.0,54836.8907235124
Breast,Female,Mortality,2022,10.95006444,30.63051423,1.112370264,1356,Switzerland,Switzerland,Western Europe,38,85,1,10,25,2024,8792182.0,4365224.0,4426958.0,94394.5106803525
Breast,Female,Mortality,2022,11.7430766,24.85027446,1.269063155,42211,United States of America,United States of America,Northern America,2237,3892,44,6,638,2024,341534046.0,171672742.0,169861303.0,76657.2488844403
Breast,Female,Mortality,2022,18.7222964,37.61802871,2.131239371,657,Uruguay,Uruguay,South America,12,23,0,0,5,2025,3390913.0,1644412.0,1746501.0,20818.6146091144
Prostate,Male,Mortality,2022,8.229694019,24.41610414,0.6054469393,4708,Canada,Canada,Northern America,52,296,0,14,52,2025,38821259.0,19282356.0,19538904.0,56256.8007264015
Prostate,Male,Mortality,2022,11.31047284,17.91373105,0.8412244216,450,Costa Rica,Costa Rica,Central America,5,12,0,1,1,2025,5081765.0,2512039.0,2569725.0,13625.9008491328
Prostate,Male,Mortality,2022,6.816029361,17.14059293,0.4237599098,77,Cyprus,Cyprus,Western Asia,2,10,0,1,3,2025,1331370.0,670824.0,660545.0,33231.04296875
Prostate,Male,Mortality,2022,10.94267616,28.18941544,0.9360137473,1488,Czechia,Czech Republic,Eastern Europe,36,67,1,30,16,2021,10673213.0,5262083.0,5411131.0,28282.2236715857
Prostate,Male,Incidence,2022,66.0036425,160.1132229,8.517265621,4704,Denmark,Denmark,Northern Europe,8,55,1,8,8,2020,5902904.0,2935843.0,2967061.0,67781.0940939514
Prostate,Male,Mortality,2022,13.93007718,45.50652836,0.9919404372,1336,Denmark,Denmark,Northern Europe,8,55,1,8,8,2020,5902904.0,2935843.0,2967061.0,67781.0940939514
Prostate,Male,Mortality,2022,12.71293783,12.73509583,0.7444056604,1132,Ecuador,Ecuador,South America,12,35,0,0,5,2025,17823897.0,8888825.0,8935073.0,6515.58528418336
Prostate,Male,Mortality,2022,14.86832065,36.67694401,1.322333918,235,Estonia,Estonia,Northern Europe,2,10,0,0,3,2025,1350091.0,640730.0,709362.0,28340.3826549406
Prostate,Male,Incidence,2022,78.83425136,200.6339217,9.749558914,5514,Finland,Finland,Northern Europe,13,50,0,0,7,2020,5569299.0,2753008.0,2816291.0,50440.560224974
Prostate,Male,Mortality,2022,9.581920323,33.38166228,0.7283315678,919,Finland,Finland,Northern Europe,13,50,0,0,7,2020,5569299.0,2753008.0,2816291.0,50440.560224974
Prostate,Male,Mortality,2022,7.961059971,27.74544632,0.5702635688,8911,France,France,Western Europe,168,570,4,2,90,2023,66277409.0,32116982.0,34160427.0,40988.6396406579
Prostate,Male,Mortality,2022,10.76989532,19.2304889,1.052760552,343,Georgia,Georgia,Western Asia,9,18,0,1,3,2025,3794784.0,1768050.0,2026734.0,6729.84659930283
Prostate,Male,Mortality,2022,9.738521264,15.30155041,0.8274760268,3447,Argentina,Argentina,South America,89,131,0,8,47,2025,45407904.0,22527129.0,22880775.0,13962.1894087223
Prostate,Male,Mortality,2022,13.03794297,7.241734171,0.7442026666,641,Guatemala,Guatemala,Central America,5,9,0,1,3,2025,17847877.0,8851469.0,8996407.0,5358.70156997677
Prostate,Male,Mortality,2022,12.26074502,29.68697358,1.104005481,1379,Hungary,Hungary,Eastern Europe,14,53,0,4,14,2025,9684306.0,4645135.0,5039171.0,18428.028825614
Prostate,Male,Incidence,2022,82.25821025,152.1597525,11.06043843,299,Iceland,Iceland,Northern Europe,1,2,0,0,1,2018,380356.0,194847.0,185508.0,76350.4550416502
Prostate,Male,Mortality,2022,10.45470249,29.43310477,0.7385228629,3799,Australia,Australia,Australia and New Zealand,103,224,0,6,10,2025,26200984.0,13000471.0,13200513.0,65169.5191118657
Prostate,Male,Mortality,2022,10.06421664,24.3471332,0.738819603,616,Ireland,Ireland,Northern Europe,12,42,0,4,14,2017,5110016.0,2530072.0,2579943.0,105190.685952731
Prostate,Male,Mortality,2022,5.23615633,9.539689954,0.4731966576,453,Israel,Israel,Western Asia,12,37,0,2,14,2025,9103151.0,4528556.0,4574595.0,54949.621556429
Prostate,Male,Mortality,2022,10.09179784,31.76633251,0.7957442841,1417,Austria,Austria,Western Europe,17,58,1,8,20,2021,9064677.0,4460698.0,4603980.0,52336.7725223758
Prostate,Male,Mortality,2022,3.841489327,9.330446677,0.2257157744,2383,South Korea,"Korea, Republic of",Eastern Asia,65,190,2,0,37,2023,51782512.0,25840655.0,25941857.0,34822.4048404971
Prostate,Male,Mortality,2022,3.709735188,1.034938082,0.2024420092,29,Kuwait,Kuwait,Western Asia,2,5,0,0,1,2021,4589511.0,2802100.0,1787410.0,39981.7691035833
Prostate,Male,Mortality,2022,20.18847236,48.58221477,1.741098467,423,Latvia,Latvia,Northern Europe,6,15,0,2,1,2023,1881063.0,870579.0,1010484.0,20221.103686109
Prostate,Male,Mortality,2022,15.79265387,37.84416907,1.49230801,500,Lithuania,Lithuania,Northern Europe,5,16,0,4,8,2024,2816919.0,1326195.0,1490725.0,25085.784063499
Prostate,Male,Mortality,2022,6.276086346,14.296404,0.4468816116,47,Luxembourg,Luxembourg,Western Europe,1,4,0,0,2,2017,653313.0,328888.0,324425.0,123719.658915996
Prostate,Male,Mortality,2022,10.09990353,15.80597153,0.9013773589,101,Mauritius,Mauritius,Eastern Africa,1,5,0,0,1,2024,1276130.0,638999.0,637130.0,10246.5017455553
Prostate,Male,Mortality,2022,10.24966928,11.45961975,0.8122336275,7151,Mexico,Mexico,Central America,114,207,0,2,66,2025,128613117.0,62401721.0,66211395.99999999,11405.7940473759
Prostate,Male,Mortality,2022,10.12247756,14.69332556,0.8956419923,196,Armenia,Armenia,Western Asia,2,5,0,0,3,2025,2880874.0,1333939.0,1546936.0,6571.97445545099
Prostate,Male,Mortality,2022,11.75343348,6.588069188,0.6743739906,218,Nicaragua,Nicaragua,Central America,1,5,0,1,1,2021,6730654.0,3309012.0,3421642.0,2322.89053964583
Prostate,Male,Incidence,2022,94.86154195,201.0975499,11.90468889,5533,Norway,Norway,Northern Europe,10,44,0,7,12,2021,5456801.0,2751263.0,2705539.0,109269.520580298
Prostate,Male,Mortality,2022,12.57264031,15.35526077,0.9701944665,338,Panama,Panama,Central America,3,7,0,0,1,2025,4400773.0,2201198.0,2199575.0,17378.6070017557
Prostate,Male,Mortality,2022,13.3281999,31.59365649,1.146804352,5625,Poland,Poland,Eastern Europe,47,173,2,0,24,2023,38385739.0,18604014.0,19781726.0,18891.2121169279
Prostate,Male,Mortality,2022,9.392105749,36.23192787,0.662206448,1798,Portugal,Portugal,Southern Europe,24,57,0,0,17,2025,10417073.0,4962474.0,5454599.0,24620.5197587181
Prostate,Male,Mortality,2022,10.49777994,29.46783254,1.004531277,955,Serbia,Serbia,Southern Europe,9,39,0,1,5,2025,6791213.0,3230996.0,3560218.0,10024.8191112596
Prostate,Male,Mortality,2022,5.26663049,12.15950864,0.3973341459,242,Singapore,Singapore,South-Eastern Asia,11,28,3,0,6,2024,5649885.0,2919697.0,2730188.0,90299.0694637269
Prostate,Male,Mortality,2022,13.30368095,27.36684636,1.207087621,727,Slovakia,Slovakia,Eastern Europe,13,24,0,7,6,2024,5473197.0,2672668.0,2800528.0,21317.7943982363
Prostate,Male,Mortality,2022,7.448921464,25.38572506,0.558357679,5962,Spain,Spain,Southern Europe,126,262,3,21,135,2024,47828382.0,23485640.0,24342743.0,30319.4987196616
Prostate,Male,Incidence,2022,103.8963177,227.3691548,13.09685163,12004,Sweden,Sweden,Northern Europe,18,80,1,27,23,2024,10487338.0,5279778.0,5207560.0,54836.8907235124
Prostate,Male,Mortality,2022,11.69640427,40.70449268,0.7460586398,2149,Sweden,Sweden,Northern Europe,18,80,1,27,23,2024,10487338.0,5279778.0,5207560.0,54836.8907235124
Prostate,Male,Mortality,2022,9.363378939,30.857523,0.6345926096,1347,Switzerland,Switzerland,Western Europe,38,85,1,10,25,2024,8792182.0,4365224.0,4426958.0,94394.5106803525
Prostate,Male,Mortality,2022,8.136206372,19.43406945,0.6786995086,33363,United States of America,United States of America,Northern America,2237,3892,44,6,638,2024,341534046.0,171672742.0,169861303.0,76657.2488844403
Prostate,Male,Mortality,2022,14.84885797,30.46681732,1.287271575,501,Uruguay,Uruguay,South America,12,23,0,0,5,2025,3390913.0,1644412.0,1746501.0,20818.6146091144
Cervix,Female,Mortality,2022,1.233960422,2.118849709,0.1332619922,414,Canada,Canada,Northern America,52,296,0,14,52,2025,38821259.0,19282356.0,19538904.0,56256.8007264015
Cervix,Female,Mortality,2022,4.225911744,5.681541799,0.433069749,146,Costa Rica,Costa Rica,Central America,5,12,0,1,1,2025,5081765.0,2512039.0,2569725.0,13625.9008491328
Cervix,Female,Mortality,2022,1.476384119,2.545203881,0.1481752203,12,Cyprus,Cyprus,Western Asia,2,10,0,1,3,2025,1331370.0,670824.0,660545.0,33231.04296875
Cervix,Female,Mortality,2022,2.4534362,4.999135186,0.2724154579,274,Czechia,Czech Republic,Eastern Europe,36,67,1,30,16,2021,10673213.0,5262083.0,5411131.0,28282.2236715857
Cervix,Female,Incidence,2022,8.86693538,11.16846349,0.825882249,332,Denmark,Denmark,Northern Europe,8,55,1,8,8,2020,5902904.0,2935843.0,2967061.0,67781.0940939514
Cervix,Female,Mortality,2022,1.361568968,2.831084363,0.1502852512,84,Denmark,Denmark,Northern Europe,8,55,1,8,8,2020,5902904.0,2935843.0,2967061.0,67781.0940939514
Cervix,Female,Mortality,2022,4.513752895,5.114675044,0.4721540004,457,Ecuador,Ecuador,South America,12,35,0,0,5,2025,17823897.0,8888825.0,8935073.0,6515.58528418336
Cervix,Female,Mortality,2022,3.474960995,7.753446054,0.4119212053,55,Estonia,Estonia,Northern Europe,2,10,0,0,3,2025,1350091.0,640730.0,709362.0,28340.3826549406
Cervix,Female,Incidence,2022,5.282980539,6.802438835,0.4895776963,191,Finland,Finland,Northern Europe,13,50,0,0,7,2020,5569299.0,2753008.0,2816291.0,50440.560224974
Cervix,Female,Mortality,2022,0.9827043753,1.952923535,0.1018377693,55,Finland,Finland,Northern Europe,13,50,0,0,7,2020,5569299.0,2753008.0,2816291.0,50440.560224974
Cervix,Female,Mortality,2022,1.316348226,2.318472224,0.1395422799,792,France,France,Western Europe,168,570,4,2,90,2023,66277409.0,32116982.0,34160427.0,40988.6396406579
Cervix,Female,Mortality,2022,3.434045875,6.222704367,0.4028940202,120,Georgia,Georgia,Western Asia,9,18,0,1,3,2025,3794784.0,1768050.0,2026734.0,6729.84659930283
Cervix,Female,Mortality,2022,4.783415826,5.856444985,0.472111571,1340,Argentina,Argentina,South America,89,131,0,8,47,2025,45407904.0,22527129.0,22880775.0,13962.1894087223
Cervix,Female,Mortality,2022,5.411622085,4.157213822,0.5758976464,374,Guatemala,Guatemala,Central America,5,9,0,1,3,2025,17847877.0,8851469.0,8996407.0,5358.70156997677
Cervix,Female,Mortality,2022,4.136511474,7.898125297,0.4655592714,398,Hungary,Hungary,Eastern Europe,14,53,0,4,14,2025,9684306.0,4645135.0,5039171.0,18428.028825614
Cervix,Female,Incidence,2022,6.242416053,8.085861063,0.5600645538,15,Iceland,Iceland,Northern Europe,1,2,0,0,1,2018,380356.0,194847.0,185508.0,76350.4550416502
Cervix,Female,Mortality,2022,1.261053262,2.053700841,0.1316883065,269,Australia,Australia,Australia and New Zealand,103,224,0,6,10,2025,26200984.0,13000471.0,13200513.0,65169.5191118657
Cervix,Female,Mortality,2022,2.262298465,3.604730104,0.2505650367,93,Ireland,Ireland,Northern Europe,12,42,0,4,14,2017,5110016.0,2530072.0,2579943.0,105190.685952731
Cervix,Female,Mortality,2022,1.111534751,1.518010466,0.1077557118,73,Israel,Israel,Western Asia,12,37,0,2,14,2025,9103151.0,4528556.0,4574595.0,54949.621556429
Cervix,Female,Mortality,2022,1.298201276,2.801923857,0.145830907,129,Austria,Austria,Western Europe,17,58,1,8,20,2021,9064677.0,4460698.0,4603980.0,52336.7725223758
Cervix,Female,Mortality,2022,1.408851975,3.052205447,0.1410283898,785,South Korea,"Korea, Republic of",Eastern Asia,65,190,2,0,37,2023,51782512.0,25840655.0,25941857.0,34822.4048404971
Cervix,Female,Mortality,2022,0.6687009627,0.5035215739,0.03409786557,9,Kuwait,Kuwait,Western Asia,2,5,0,0,1,2021,4589511.0,2802100.0,1787410.0,39981.7691035833
Cervix,Female,Mortality,2022,5.520149046,11.10346646,0.6213729886,112,Latvia,Latvia,Northern Europe,6,15,0,2,1,2023,1881063.0,870579.0,1010484.0,20221.103686109
Cervix,Female,Mortality,2022,5.578316478,11.25506561,0.6322670323,170,Lithuania,Lithuania,Northern Europe,5,16,0,4,8,2024,2816919.0,1326195.0,1490725.0,25085.784063499
Cervix,Female,Mortality,2022,0.493080014,1.233239504,0.02186365814,4,Luxembourg,Luxembourg,Western Europe,1,4,0,0,2,2017,653313.0,328888.0,324425.0,123719.658915996
Cervix,Female,Mortality,2022,3.799935587,5.964241235,0.3636388218,38,Mauritius,Mauritius,Eastern Africa,1,5,0,0,1,2024,1276130.0,638999.0,637130.0,10246.5017455553
Cervix,Female,Mortality,2022,5.359302547,6.227024725,0.5670496258,4123,Mexico,Mexico,Central America,114,207,0,2,66,2025,128613117.0,62401721.0,66211395.99999999,11405.7940473759
Cervix,Female,Mortality,2022,3.07413161,4.912939163,0.3462559123,76,Armenia,Armenia,Western Asia,2,5,0,0,3,2025,2880874.0,1333939.0,1546936.0,6571.97445545099
Cervix,Female,Mortality,2022,8.941688563,8.066305027,0.9466350907,276,Nicaragua,Nicaragua,Central America,1,5,0,1,1,2021,6730654.0,3309012.0,3421642.0,2322.89053964583
Cervix,Female,Incidence,2022,8.627225796,11.45718377,0.8465149838,310,Norway,Norway,Northern Europe,10,44,0,7,12,2021,5456801.0,2751263.0,2705539.0,109269.520580298
Cervix,Female,Mortality,2022,7.674045741,9.138133111,0.7917392645,201,Panama,Panama,Central America,3,7,0,0,1,2025,4400773.0,2201198.0,2199575.0,17378.6070017557
Cervix,Female,Mortality,2022,3.445867656,7.229598418,0.3975980831,1374,Poland,Poland,Eastern Europe,47,173,2,0,24,2023,38385739.0,18604014.0,19781726.0,18891.2121169279
Cervix,Female,Mortality,2022,1.393177927,3.24496755,0.1470514751,177,Portugal,Portugal,Southern Europe,24,57,0,0,17,2025,10417073.0,4962474.0,5454599.0,24620.5197587181
Cervix,Female,Mortality,2022,5.865268936,11.80035091,0.6637275336,404,Serbia,Serbia,Southern Europe,9,39,0,1,5,2025,6791213.0,3230996.0,3560218.0,10024.8191112596
Cervix,Female,Mortality,2022,1.608494473,3.072451773,0.1787807703,64,Singapore,Singapore,South-Eastern Asia,11,28,3,0,6,2024,5649885.0,2919697.0,2730188.0,90299.0694637269
Cervix,Female,Mortality,2022,4.064925342,7.855134033,0.4437650654,218,Slovakia,Slovakia,Eastern Europe,13,24,0,7,6,2024,5473197.0,2672668.0,2800528.0,21317.7943982363
Cervix,Female,Mortality,2022,1.298616746,2.690740372,0.1403218931,655,Spain,Spain,Southern Europe,126,262,3,21,135,2024,47828382.0,23485640.0,24342743.0,30319.4987196616
Cervix,Female,Incidence,2022,7.477893404,10.06254332,0.7225285112,524,Sweden,Sweden,Northern Europe,18,80,1,27,23,2024,10487338.0,5279778.0,5207560.0,54836.8907235124
Cervix,Female,Mortality,2022,1.333983896,2.89970543,0.1499217607,151,Sweden,Sweden,Northern Europe,18,80,1,27,23,2024,10487338.0,5279778.0,5207560.0,54836.8907235124
Cervix,Female,Mortality,2022,0.8062978234,1.739343359,0.09208508974,77,Switzerland,Switzerland,Western Europe,38,85,1,10,25,2024,8792182.0,4365224.0,4426958.0,94394.5106803525
Cervix,Female,Mortality,2022,1.509663419,2.384886922,0.1606750688,4051,United States of America,United States of America,Northern America,2237,3892,44,6,638,2024,341534046.0,171672742.0,169861303.0,76657.2488844403
Cervix,Female,Mortality,2022,3.656837237,5.439440986,0.3799266175,95,Uruguay,Uruguay,South America,12,23,0,0,5,2025,3390913.0,1644412.0,1746501.0,20818.6146091144
Lip_oc_Pharynx,Male,Mortality,2022,2.75307091,6.02623471,0.3284785764,1162,Canada,Canada,Northern America,52,296,0,14,52,2025,38821259.0,19282356.0,19538904.0,56256.8007264015
Lip_oc_Pharynx,Female,Mortality,2022,0.9161924544,2.456637344,0.1072955558,480,Canada,Canada,Northern America,52,296,0,14,52,2025,38821259.0,19282356.0,19538904.0,56256.8007264015
Lip_oc_Pharynx,Male,Mortality,2022,2.363302891,3.184663298,0.237930478,80,Costa Rica,Costa Rica,Central America,5,12,0,1,1,2025,5081765.0,2512039.0,2569725.0,13625.9008491328
Lip_oc_Pharynx,Female,Mortality,2022,0.5744611142,1.050696086,0.05260345499,27,Costa Rica,Costa Rica,Central America,5,12,0,1,1,2025,5081765.0,2512039.0,2569725.0,13625.9008491328
Lip_oc_Pharynx,Male,Mortality,2022,1.970710859,4.006891854,0.1851406355,18,Cyprus,Cyprus,Western Asia,2,10,0,1,3,2025,1331370.0,670824.0,660545.0,33231.04296875
Lip_oc_Pharynx,Female,Mortality,2022,0.7297711675,1.696802588,0.05508128723,8,Cyprus,Cyprus,Western Asia,2,10,0,1,3,2025,1331370.0,670824.0,660545.0,33231.04296875
Lip_oc_Pharynx,Male,Mortality,2022,6.260235087,11.89714576,0.7813595902,628,Czechia,Czech Republic,Eastern Europe,36,67,1,30,16,2021,10673213.0,5262083.0,5411131.0,28282.2236715857
Lip_oc_Pharynx,Female,Mortality,2022,1.921041034,4.506519675,0.2224285463,247,Czechia,Czech Republic,Eastern Europe,36,67,1,30,16,2021,10673213.0,5262083.0,5411131.0,28282.2236715857
Lip_oc_Pharynx,Male,Incidence,2022,13.56482527,25.80055761,1.776357656,758,Denmark,Denmark,Northern Europe,8,55,1,8,8,2020,5902904.0,2935843.0,2967061.0,67781.0940939514
Lip_oc_Pharynx,Male,Mortality,2022,3.876009121,8.787937364,0.5230335214,258,Denmark,Denmark,Northern Europe,8,55,1,8,8,2020,5902904.0,2935843.0,2967061.0,67781.0940939514
Lip_oc_Pharynx,Female,Incidence,2022,5.873590971,11.70670269,0.7190570821,348,Denmark,Denmark,Northern Europe,8,55,1,8,8,2020,5902904.0,2935843.0,2967061.0,67781.0940939514
Lip_oc_Pharynx,Female,Mortality,2022,1.130276354,3.201821601,0.1321016609,95,Denmark,Denmark,Northern Europe,8,55,1,8,8,2020,5902904.0,2935843.0,2967061.0,67781.0940939514
Lip_oc_Pharynx,Male,Mortality,2022,0.9465496332,0.9450071112,0.08949176495,84,Ecuador,Ecuador,South America,12,35,0,0,5,2025,17823897.0,8888825.0,8935073.0,6515.58528418336
Lip_oc_Pharynx,Female,Mortality,2022,0.6010275536,0.7274701922,0.05746094738,65,Ecuador,Ecuador,South America,12,35,0,0,5,2025,17823897.0,8888825.0,8935073.0,6515.58528418336
Lip_oc_Pharynx,Male,Mortality,2022,7.1350673,12.95398448,0.9296873374,83,Estonia,Estonia,Northern Europe,2,10,0,0,3,2025,1350091.0,640730.0,709362.0,28340.3826549406
Lip_oc_Pharynx,Female,Mortality,2022,1.153339915,2.678463182,0.1418148939,19,Estonia,Estonia,Northern Europe,2,10,0,0,3,2025,1350091.0,640730.0,709362.0,28340.3826549406
Lip_oc_Pharynx,Male,Incidence,2022,8.415691069,16.62852779,1.011329046,457,Finland,Finland,Northern Europe,13,50,0,0,7,2020,5569299.0,2753008.0,2816291.0,50440.560224974
Lip_oc_Pharynx,Male,Mortality,2022,2.322906867,5.339613009,0.2838036943,147,Finland,Finland,Northern Europe,13,50,0,0,7,2020,5569299.0,2753008.0,2816291.0,50440.560224974
Lip_oc_Pharynx,Female,Incidence,2022,4.613423575,10.64884404,0.5360365095,299,Finland,Finland,Northern Europe,13,50,0,0,7,2020,5569299.0,2753008.0,2816291.0,50440.560224974
Lip_oc_Pharynx,Female,Mortality,2022,0.8171789213,2.73409295,0.08039752555,77,Finland,Finland,Northern Europe,13,50,0,0,7,2020,5569299.0,2753008.0,2816291.0,50440.560224974
Lip_oc_Pharynx,Male,Mortality,2022,3.932841374,8.061155933,0.4969250533,2589,France,France,Western Europe,168,570,4,2,90,2023,66277409.0,32116982.0,34160427.0,40988.6396406579
Lip_oc_Pharynx,Female,Mortality,2022,1.06834521,2.842470366,0.1237115222,971,France,France,Western Europe,168,570,4,2,90,2023,66277409.0,32116982.0,34160427.0,40988.6396406579
Lip_oc_Pharynx,Male,Mortality,2022,3.256851192,5.214097574,0.4025811155,93,Georgia,Georgia,Western Asia,9,18,0,1,3,2025,3794784.0,1768050.0,2026734.0,6729.84659930283
Lip_oc_Pharynx,Female,Mortality,2022,0.4942751495,1.192685004,0.05142775916,23,Georgia,Georgia,Western Asia,9,18,0,1,3,2025,3794784.0,1768050.0,2026734.0,6729.84659930283
Lip_oc_Pharynx,Male,Mortality,2022,2.099523758,2.667894342,0.2583635191,601,Argentina,Argentina,South America,89,131,0,8,47,2025,45407904.0,22527129.0,22880775.0,13962.1894087223
Lip_oc_Pharynx,Female,Mortality,2022,0.7273124119,1.289291993,0.07846304813,295,Argentina,Argentina,South America,89,131,0,8,47,2025,45407904.0,22527129.0,22880775.0,13962.1894087223
Lip_oc_Pharynx,Male,Mortality,2022,1.205478234,0.7230436613,0.1186208012,64,Guatemala,Guatemala,Central America,5,9,0,1,3,2025,17847877.0,8851469.0,8996407.0,5358.70156997677
Lip_oc_Pharynx,Female,Mortality,2022,0.5793477287,0.4446217991,0.0620579491,40,Guatemala,Guatemala,Central America,5,9,0,1,3,2025,17847877.0,8851469.0,8996407.0,5358.70156997677
Lip_oc_Pharynx,Male,Mortality,2022,9.818643212,17.45912659,1.314137051,811,Hungary,Hungary,Eastern Europe,14,53,0,4,14,2025,9684306.0,4645135.0,5039171.0,18428.028825614
Lip_oc_Pharynx,Female,Mortality,2022,1.940064887,4.603932334,0.2435557225,232,Hungary,Hungary,Eastern Europe,14,53,0,4,14,2025,9684306.0,4645135.0,5039171.0,18428.028825614
Lip_oc_Pharynx,Male,Incidence,2022,10.55311022,15.77576029,1.257832833,31,Iceland,Iceland,Northern Europe,1,2,0,0,1,2018,380356.0,194847.0,185508.0,76350.4550416502
Lip_oc_Pharynx,Female,Incidence,2022,4.240761034,8.085861063,0.4703541085,15,Iceland,Iceland,Northern Europe,1,2,0,0,1,2018,380356.0,194847.0,185508.0,76350.4550416502
Lip_oc_Pharynx,Male,Mortality,2022,2.981213651,5.733218617,0.3539234059,740,Australia,Australia,Australia and New Zealand,103,224,0,6,10,2025,26200984.0,13000471.0,13200513.0,65169.5191118657
Lip_oc_Pharynx,Female,Mortality,2022,0.9147727028,2.206392354,0.1035055213,289,Australia,Australia,Australia and New Zealand,103,224,0,6,10,2025,26200984.0,13000471.0,13200513.0,65169.5191118657
Lip_oc_Pharynx,Male,Mortality,2022,3.455025312,6.047258734,0.4397265622,153,Ireland,Ireland,Northern Europe,12,42,0,4,14,2017,5110016.0,2530072.0,2579943.0,105190.685952731
Lip_oc_Pharynx,Female,Mortality,2022,0.9526343435,2.093069092,0.09541799516,54,Ireland,Ireland,Northern Europe,12,42,0,4,14,2017,5110016.0,2530072.0,2579943.0,105190.685952731
Lip_oc_Pharynx,Male,Mortality,2022,1.583066577,2.190127495,0.1841968476,104,Israel,Israel,Western Asia,12,37,0,2,14,2025,9103151.0,4528556.0,4574595.0,54949.621556429
Lip_oc_Pharynx,Female,Mortality,2022,0.645374945,1.06052786,0.05732812344,51,Israel,Israel,Western Asia,12,37,0,2,14,2025,9103151.0,4528556.0,4574595.0,54949.621556429
Lip_oc_Pharynx,Male,Mortality,2022,4.430706279,9.482821913,0.5521900227,423,Austria,Austria,Western Europe,17,58,1,8,20,2021,9064677.0,4460698.0,4603980.0,52336.7725223758
Lip_oc_Pharynx,Female,Mortality,2022,1.286176002,3.540415417,0.1613425337,163,Austria,Austria,Western Europe,17,58,1,8,20,2021,9064677.0,4460698.0,4603980.0,52336.7725223758
Lip_oc_Pharynx,Male,Mortality,2022,1.774280443,3.76663437,0.199309989,962,South Korea,"Korea, Republic of",Eastern Asia,65,190,2,0,37,2023,51782512.0,25840655.0,25941857.0,34822.4048404971
Lip_oc_Pharynx,Female,Mortality,2022,0.5010334945,1.290869055,0.04955043473,332,South Korea,"Korea, Republic of",Eastern Asia,65,190,2,0,37,2023,51782512.0,25840655.0,25941857.0,34822.4048404971
Lip_oc_Pharynx,Male,Mortality,2022,0.7118104987,0.4282502409,0.1179180998,12,Kuwait,Kuwait,Western Asia,2,5,0,0,1,2021,4589511.0,2802100.0,1787410.0,39981.7691035833
Lip_oc_Pharynx,Female,Mortality,2022,0.6574405019,0.4475747324,0.05600191189,8,Kuwait,Kuwait,Western Asia,2,5,0,0,1,2021,4589511.0,2802100.0,1787410.0,39981.7691035833
Lip_oc_Pharynx,Male,Mortality,2022,8.886962089,15.39011059,1.102673957,134,Latvia,Latvia,Northern Europe,6,15,0,2,1,2023,1881063.0,870579.0,1010484.0,20221.103686109
Lip_oc_Pharynx,Female,Mortality,2022,2.134870581,4.659490391,0.2662075578,47,Latvia,Latvia,Northern Europe,6,15,0,2,1,2023,1881063.0,870579.0,1010484.0,20221.103686109
Lip_oc_Pharynx,Male,Mortality,2022,11.74315741,20.36016296,1.472286573,269,Lithuania,Lithuania,Northern Europe,5,16,0,4,8,2024,2816919.0,1326195.0,1490725.0,25085.784063499
Lip_oc_Pharynx,Female,Mortality,2022,1.847385343,3.83996356,0.2101381075,58,Lithuania,Lithuania,Northern Europe,5,16,0,4,8,2024,2816919.0,1326195.0,1490725.0,25085.784063499
Lip_oc_Pharynx,Male,Mortality,2022,2.553326432,4.258503319,0.3317759683,14,Luxembourg,Luxembourg,Western Europe,1,4,0,0,2,2017,653313.0,328888.0,324425.0,123719.658915996
Lip_oc_Pharynx,Female,Mortality,2022,0.3889824184,1.233239504,0.03289906537,4,Luxembourg,Luxembourg,Western Europe,1,4,0,0,2,2017,653313.0,328888.0,324425.0,123719.658915996
Lip_oc_Pharynx,Male,Mortality,2022,3.85063745,5.946801169,0.4759533217,38,Mauritius,Mauritius,Eastern Africa,1,5,0,0,1,2024,1276130.0,638999.0,637130.0,10246.5017455553
Lip_oc_Pharynx,Female,Mortality,2022,2.290258753,3.766889201,0.29912165,24,Mauritius,Mauritius,Eastern Africa,1,5,0,0,1,2024,1276130.0,638999.0,637130.0,10246.5017455553
Lip_oc_Pharynx,Male,Mortality,2022,1.338618254,1.392589786,0.1519171784,869,Mexico,Mexico,Central America,114,207,0,2,66,2025,128613117.0,62401721.0,66211395.99999999,11405.7940473759
Lip_oc_Pharynx,Female,Mortality,2022,0.5873444353,0.7053166497,0.06222951734,467,Mexico,Mexico,Central America,114,207,0,2,66,2025,128613117.0,62401721.0,66211395.99999999,11405.7940473759
Lip_oc_Pharynx,Male,Mortality,2022,2.142516942,2.923671922,0.2833241015,39,Armenia,Armenia,Western Asia,2,5,0,0,3,2025,2880874.0,1333939.0,1546936.0,6571.97445545099
Lip_oc_Pharynx,Female,Mortality,2022,0.4789800696,0.9050151089,0.03974615367,14,Armenia,Armenia,Western Asia,2,5,0,0,3,2025,2880874.0,1333939.0,1546936.0,6571.97445545099
Lip_oc_Pharynx,Male,Mortality,2022,1.685535445,1.118158532,0.1783436464,37,Nicaragua,Nicaragua,Central America,1,5,0,1,1,2021,6730654.0,3309012.0,3421642.0,2322.89053964583
Lip_oc_Pharynx,Female,Mortality,2022,0.5340551316,0.4676118856,0.05281182781,16,Nicaragua,Nicaragua,Central America,1,5,0,1,1,2021,6730654.0,3309012.0,3421642.0,2322.89053964583
Lip_oc_Pharynx,Male,Incidence,2022,9.201332588,17.44565768,1.138793205,480,Norway,Norway,Northern Europe,10,44,0,7,12,2021,5456801.0,2751263.0,2705539.0,109269.520580298
Lip_oc_Pharynx,Female,Incidence,2022,4.082912112,8.463532523,0.4789053205,229,Norway,Norway,Northern Europe,10,44,0,7,12,2021,5456801.0,2751263.0,2705539.0,109269.520580298
Lip_oc_Pharynx,Male,Mortality,2022,1.958610345,2.226058514,0.2103818415,49,Panama,Panama,Central America,3,7,0,0,1,2025,4400773.0,2201198.0,2199575.0,17378.6070017557
Lip_oc_Pharynx,Female,Mortality,2022,0.7303332107,1.000193674,0.08597334715,22,Panama,Panama,Central America,3,7,0,0,1,2025,4400773.0,2201198.0,2199575.0,17378.6070017557
Lip_oc_Pharynx,Male,Mortality,2022,6.933210186,12.33978014,0.8551909635,2197,Poland,Poland,Eastern Europe,47,173,2,0,24,2023,38385739.0,18604014.0,19781726.0,18891.2121169279
Lip_oc_Pharynx,Female,Mortality,2022,1.725347887,4.130447422,0.2088414451,785,Poland,Poland,Eastern Europe,47,173,2,0,24,2023,38385739.0,18604014.0,19781726.0,18891.2121169279
Lip_oc_Pharynx,Male,Mortality,2022,7.171098679,14.81116072,0.8875181375,735,Portugal,Portugal,Southern Europe,24,57,0,0,17,2025,10417073.0,4962474.0,5454599.0,24620.5197587181
Lip_oc_Pharynx,Female,Mortality,2022,0.9976630538,2.9699703,0.1155946572,162,Portugal,Portugal,Southern Europe,24,57,0,0,17,2025,10417073.0,4962474.0,5454599.0,24620.5197587181
Lip_oc_Pharynx,Male,Mortality,2022,5.634988352,11.97227123,0.6465817327,388,Serbia,Serbia,Southern Europe,9,39,0,1,5,2025,6791213.0,3230996.0,3560218.0,10024.8191112596
Lip_oc_Pharynx,Female,Mortality,2022,1.832117075,4.994702986,0.2014030205,171,Serbia,Serbia,Southern Europe,9,39,0,1,5,2025,6791213.0,3230996.0,3560218.0,10024.8191112596
Lip_oc_Pharynx,Male,Mortality,2022,3.94047172,7.386147807,0.4544184621,147,Singapore,Singapore,South-Eastern Asia,11,28,3,0,6,2024,5649885.0,2919697.0,2730188.0,90299.0694637269
Lip_oc_Pharynx,Female,Mortality,2022,1.336843295,2.78440942,0.1671461299,58,Singapore,Singapore,South-Eastern Asia,11,28,3,0,6,2024,5649885.0,2919697.0,2730188.0,90299.0694637269
Lip_oc_Pharynx,Male,Mortality,2022,10.22483699,17.57952854,1.341850501,467,Slovakia,Slovakia,Eastern Europe,13,24,0,7,6,2024,5473197.0,2672668.0,2800528.0,21317.7943982363
Lip_oc_Pharynx,Female,Mortality,2022,1.677170816,3.927567016,0.2024548798,109,Slovakia,Slovakia,Eastern Europe,13,24,0,7,6,2024,5473197.0,2672668.0,2800528.0,21317.7943982363
Lip_oc_Pharynx,Male,Mortality,2022,3.319989701,7.157565219,0.4178740478,1681,Spain,Spain,Southern Europe,126,262,3,21,135,2024,47828382.0,23485640.0,24342743.0,30319.4987196616
Lip_oc_Pharynx,Female,Mortality,2022,1.050411202,3.175484439,0.1162500285,773,Spain,Spain,Southern Europe,126,262,3,21,135,2024,47828382.0,23485640.0,24342743.0,30319.4987196616
Lip_oc_Pharynx,Male,Incidence,2022,7.86981012,15.26653938,0.9288775484,806,Sweden,Sweden,Northern Europe,18,80,1,27,23,2024,10487338.0,5279778.0,5207560.0,54836.8907235124
Lip_oc_Pharynx,Male,Mortality,2022,1.835799787,4.375401493,0.2213688609,231,Sweden,Sweden,Northern Europe,18,80,1,27,23,2024,10487338.0,5279778.0,5207560.0,54836.8907235124
Lip_oc_Pharynx,Female,Incidence,2022,4.961921577,10.83067639,0.5925822609,564,Sweden,Sweden,Northern Europe,18,80,1,27,23,2024,10487338.0,5279778.0,5207560.0,54836.8907235124
Lip_oc_Pharynx,Female,Mortality,2022,0.6581225018,2.112368194,0.07784181901,110,Sweden,Sweden,Northern Europe,18,80,1,27,23,2024,10487338.0,5279778.0,5207560.0,54836.8907235124
Lip_oc_Pharynx,Male,Mortality,2022,2.7766803,6.276882927,0.3620901003,274,Switzerland,Switzerland,Western Europe,38,85,1,10,25,2024,8792182.0,4365224.0,4426958.0,94394.5106803525
Lip_oc_Pharynx,Female,Mortality,2022,0.9773741996,2.620309477,0.1143791959,116,Switzerland,Switzerland,Western Europe,38,85,1,10,25,2024,8792182.0,4365224.0,4426958.0,94394.5106803525
Lip_oc_Pharynx,Male,Mortality,2022,2.607227997,4.912835828,0.312044039,8434,United States of America,United States of America,Northern America,2237,3892,44,6,638,2024,341534046.0,171672742.0,169861303.0,76657.2488844403
Lip_oc_Pharynx,Female,Mortality,2022,0.8929153588,2.031068842,0.0982682999,3450,United States of America,United States of America,Northern America,2237,3892,44,6,638,2024,341534046.0,171672742.0,169861303.0,76657.2488844403
Lip_oc_Pharynx,Male,Mortality,2022,3.702424833,5.594704977,0.4480272064,92,Uruguay,Uruguay,South America,12,23,0,0,5,2025,3390913.0,1644412.0,1746501.0,20818.6146091144
Lip_oc_Pharynx,Female,Mortality,2022,1.057898268,2.233033668,0.1216926279,39,Uruguay,Uruguay,South America,12,23,0,0,5,2025,3390913.0,1644412.0,1746501.0,20818.6146091144
Breast,Female,Mortality,2022,12.895566169999999,31.569581290000002,1.3234472844999998,10233,United Kingdom,United Kingdom,Northern Europe,78,358,7,49,56,2024,68179315.0,33558255.0,34621061.0,47057.043229179
Cervix,Female,Mortality,2022,1.429071643,2.3593250555,0.14437587465,806,United Kingdom,United Kingdom,Northern Europe,78,358,7,49,56,2024,68179315.0,33558255.0,34621061.0,47057.043229179
Lip_oc_Pharynx,Female,Mortality,2022,1.3908487489999999,3.2249275639999997,0.16142474415000002,1062,United Kingdom,United Kingdom,Northern Europe,78,358,7,49,56,2024,68179315.0,33558255.0,34621061.0,47057.043229179
Lip_oc_Pharynx,Male,Mortality,2022,3.504566408,7.0983626365,0.4449295869,2245,United Kingdom,United Kingdom,Northern Europe,78,358,7,49,56,2024,68179315.0,33558255.0,34621061.0,47057.043229179
Lung,Female,Mortality,2022,17.77123968,46.800235805,2.105756672,14166,United Kingdom,United Kingdom,Northern Europe,78,358,7,49,56,2024,68179315.0,33558255.0,34621061.0,47057.043229179
Lung,Male,Mortality,2022,22.449944535,53.644758554999996,2.516885685,15375,United Kingdom,United Kingdom,Northern Europe,78,358,7,49,56,2024,68179315.0,33558255.0,34621061.0,47057.043229179
Prostate,Male,Mortality,2022,11.158898359999998,33.530014245,0.8266640747,11283,United Kingdom,United Kingdom,Northern Europe,78,358,7,49,56,2024,68179315.0,33558255.0,34621061.0,47057.043229179
