Cancer id,Cancer label,Population id,Country label,Sex,Type,Year,ASR (World),Crude rate,Cumulative risk,Total
6,Rectum and anus,124,Canada,1,0,1978,14.96002406,16.68523598,1.791884399,1383
6,Rectum and anus,124,Canada,1,0,1979,15.2696529,17.23394881,1.817003254,1436
6,Rectum and anus,124,Canada,1,0,1980,15.30989245,17.48711154,1.806372046,1478
6,Rectum and anus,124,Canada,1,0,1981,14.97996874,17.31767026,1.743201554,1484
6,Rectum and anus,124,Canada,1,0,1982,14.61810689,17.08845318,1.7183763,1480
6,Rectum and anus,124,Canada,1,0,1983,14.6259374,17.24413561,1.751220973,1522
6,Rectum and anus,124,Canada,1,0,1984,15.11698673,18.01906865,1.815836329,1610
6,Rectum and anus,124,Canada,1,0,1985,15.78502984,18.81082587,1.901834708,1699
6,Rectum and anus,124,Canada,1,0,1986,14.95358096,18.1679222,1.829328868,1659
6,Rectum and anus,124,Canada,1,0,1987,15.58450505,19.03786474,1.912583117,1764
6,Rectum and anus,124,Canada,1,0,1988,15.05765427,18.5446317,1.859393693,1752
6,Rectum and anus,124,Canada,1,0,1989,15.56611514,19.14941534,1.925896504,1846
6,Rectum and anus,124,Canada,1,0,1990,14.6502973,18.38812529,1.803937994,1803
6,Rectum and anus,124,Canada,1,0,1991,15.12971171,19.29303859,1.84625263,1915
6,Rectum and anus,124,Canada,1,0,1992,15.62346188,20.1291383,1.88855123,2027
6,Rectum and anus,124,Canada,1,0,1993,15.80065123,20.42096029,1.908295459,2081
6,Rectum and anus,124,Canada,1,0,1994,14.96312251,19.68512519,1.819560049,2032
6,Rectum and anus,124,Canada,1,0,1995,14.70057361,19.41126494,1.80129645,2030
6,Rectum and anus,124,Canada,1,0,1996,14.55924091,19.41842524,1.77903976,2057
6,Rectum and anus,124,Canada,1,0,1997,15.12205465,20.41036488,1.887135654,2189
6,Rectum and anus,124,Canada,1,0,1998,15.8259813,21.66668263,1.948716095,2353
6,Rectum and anus,124,Canada,1,0,1999,15.92956487,22.13825436,1.955158212,2427
6,Rectum and anus,124,Canada,1,0,2000,16.84332981,23.62412057,2.108331176,2618
6,Rectum and anus,124,Canada,1,0,2001,16.78996094,24.05037525,2.025205192,2701
6,Rectum and anus,124,Canada,1,0,2002,16.46847561,23.6032934,2.063909904,2679
6,Rectum and anus,124,Canada,1,0,2003,15.6809324,22.91852803,1.950667342,2628
6,Rectum and anus,124,Canada,1,0,2004,16.678666,24.78758156,2.049588122,2872
6,Rectum and anus,124,Canada,1,0,2005,16.38837999,24.81271818,2.012499188,2907
6,Rectum and anus,124,Canada,1,0,2006,15.96659396,24.71371106,1.930740063,2930
6,Rectum and anus,124,Canada,1,0,2007,16.09089201,25.19153564,1.955145973,3024
6,Rectum and anus,124,Canada,1,0,2008,16.78015918,26.77888073,2.074475975,3248
6,Rectum and anus,124,Canada,1,0,2009,16.22224611,26.11647098,2.016092701,3203
6,Rectum and anus,124,Canada,1,0,2010,15.60582346,25.58745815,1.895436191,3176
6,Rectum and anus,124,Canada,1,0,2011,15.86694417,26.4558156,1.886212866,3317
6,Rectum and anus,124,Canada,1,0,2012,15.52935938,26.31956344,1.885853283,3342
6,Rectum and anus,124,Canada,1,0,2013,16.0181545,27.59539509,1.902305817,3551
6,Rectum and anus,124,Canada,1,0,2014,15.86208679,27.90698888,1.911087929,3638
6,Rectum and anus,124,Canada,1,0,2015,15.34151136,27.34590363,1.83865564,3596
6,Rectum and anus,124,Canada,1,0,2016,14.62612675,25.94113726,1.755823045,3457
6,Rectum and anus,124,Canada,1,0,2017,13.74688952,24.77147481,1.62533158,3345
6,Rectum and anus,124,Canada,1,1,1980,5.859072457,6.555966056,0.6205487143,801
6,Rectum and anus,124,Canada,1,1,1981,5.556722595,6.340649451,0.6018987679,784
6,Rectum and anus,124,Canada,1,1,1982,5.405645489,6.206466754,0.5990514312,776
6,Rectum and anus,124,Canada,1,1,1983,5.679406849,6.627311364,0.6317940452,837
6,Rectum and anus,124,Canada,1,1,1984,5.160084825,6.134009758,0.5628003434,782
6,Rectum and anus,124,Canada,1,1,1985,5.152073382,6.270958074,0.5594410573,807
6,Rectum and anus,124,Canada,1,1,1986,4.917278162,6.028045945,0.5483220272,784
6,Rectum and anus,124,Canada,1,1,1987,4.941610703,6.090728309,0.535589155,802
6,Rectum and anus,124,Canada,1,1,1988,4.819659168,6.012806979,0.5525918758,803
6,Rectum and anus,124,Canada,1,1,1989,4.651618239,5.808998293,0.5160242958,788
6,Rectum and anus,124,Canada,1,1,1990,4.414891841,5.64189396,0.5059362798,777
6,Rectum and anus,124,Canada,1,1,1991,4.367706798,5.647280465,0.4893236298,788
6,Rectum and anus,124,Canada,1,1,1992,4.249004485,5.532396271,0.4781242368,781
6,Rectum and anus,124,Canada,1,1,1993,4.28922991,5.710251204,0.483222725,815
6,Rectum and anus,124,Canada,1,1,1994,4.160982033,5.580675528,0.4691789486,805
6,Rectum and anus,124,Canada,1,1,1995,4.244726629,5.790839276,0.4832486339,844
6,Rectum and anus,124,Canada,1,1,1996,3.786721192,5.269551837,0.4284086139,776
6,Rectum and anus,124,Canada,1,1,1997,3.798425736,5.36551098,0.4278339711,798
6,Rectum and anus,124,Canada,1,1,1998,3.774218134,5.444188291,0.4229598268,817
6,Rectum and anus,124,Canada,1,1,1999,3.895254319,5.680161343,0.4414841449,860
6,Rectum and anus,124,Canada,1,1,2000,3.77804422,5.506848325,0.4431275429,842
6,Rectum and anus,124,Canada,1,1,2001,3.598548718,5.395872837,0.4156552949,834
6,Rectum and anus,124,Canada,1,1,2002,3.864292768,5.883424144,0.4362814186,919
6,Rectum and anus,124,Canada,1,1,2003,3.682588854,5.839916106,0.4087027239,921
6,Rectum and anus,124,Canada,1,1,2004,3.842894504,6.175077131,0.4141214945,983
6,Rectum and anus,124,Canada,1,1,2005,3.789175892,6.1903171,0.4371583743,995
6,Rectum and anus,124,Canada,1,1,2006,3.834388397,6.375970072,0.4217542276,1035
6,Rectum and anus,124,Canada,1,1,2007,3.856000952,6.464672289,0.4383464226,1060
6,Rectum and anus,124,Canada,1,1,2008,3.987939173,6.975387713,0.4453291885,1156
6,Rectum and anus,124,Canada,1,1,2009,3.956459194,7.011057571,0.4292143789,1175
6,Rectum and anus,124,Canada,1,1,2010,3.868308869,7.088468095,0.4180603218,1201
6,Rectum and anus,124,Canada,1,1,2011,3.899079808,7.247346324,0.441712457,1241
6,Rectum and anus,124,Canada,1,1,2012,3.838636604,7.283994543,0.4192283469,1261
6,Rectum and anus,124,Canada,1,1,2013,4.028551562,7.804561218,0.4494842156,1366
6,Rectum and anus,124,Canada,1,1,2014,4.025599711,7.98875351,0.4297283494,1412
6,Rectum and anus,124,Canada,1,1,2015,3.988465058,8.044776948,0.4155384658,1435
6,Rectum and anus,124,Canada,1,1,2016,4.192482181,8.578881163,0.4588031751,1547
6,Rectum and anus,124,Canada,1,1,2017,4.110339486,8.54158465,0.4455843044,1560
6,Rectum and anus,124,Canada,1,1,2018,4.109709296,8.733492848,0.4302567811,1617
6,Rectum and anus,124,Canada,1,1,2019,4.203852504,9.010869981,0.4401158126,1691
6,Rectum and anus,124,Canada,1,1,2020,4.09771352,8.979960583,0.4471187859,1703
6,Rectum and anus,124,Canada,1,1,2021,4.038764671,9.164958923,0.4227123164,1751
6,Rectum and anus,124,Canada,1,1,2022,4.212473189,9.589077434,0.4452044289,1849
6,Rectum and anus,124,Canada,2,0,1978,9.559904902,12.95007067,1.042640676,1075
6,Rectum and anus,124,Canada,2,0,1979,10.04198682,13.43305396,1.180478279,1125
6,Rectum and anus,124,Canada,2,0,1980,10.09249777,13.54038207,1.152554534,1152
6,Rectum and anus,124,Canada,2,0,1981,8.92057921,12.4679633,1.009295738,1077
6,Rectum and anus,124,Canada,2,0,1982,9.226928228,13.06326314,1.069076506,1142
6,Rectum and anus,124,Canada,2,0,1983,9.707020386,13.65120377,1.107529681,1215
6,Rectum and anus,124,Canada,2,0,1984,9.680358342,13.83567322,1.152247042,1248
6,Rectum and anus,124,Canada,2,0,1985,9.807345587,14.35092885,1.143861041,1310
6,Rectum and anus,124,Canada,2,0,1986,8.939805016,13.56151456,1.027307432,1253
6,Rectum and anus,124,Canada,2,0,1987,8.813513443,13.23797867,1.0568461,1242
6,Rectum and anus,124,Canada,2,0,1988,9.082139951,13.75118518,1.066141098,1314
6,Rectum and anus,124,Canada,2,0,1989,8.463177357,12.96890671,0.9912910279,1265
6,Rectum and anus,124,Canada,2,0,1990,8.928533101,13.74278919,1.044051174,1364
6,Rectum and anus,124,Canada,2,0,1991,8.530494527,13.06209539,0.9971385866,1313
6,Rectum and anus,124,Canada,2,0,1992,8.454533414,13.04994061,0.9734396726,1332
6,Rectum and anus,124,Canada,2,0,1993,8.487355259,13.55340739,1.022974527,1401
6,Rectum and anus,124,Canada,2,0,1994,8.27998421,13.16654061,0.9694879762,1380
6,Rectum and anus,124,Canada,2,0,1995,8.458634797,13.42816927,1.004853703,1427
6,Rectum and anus,124,Canada,2,0,1996,7.973563292,12.83821455,0.931574935,1383
6,Rectum and anus,124,Canada,2,0,1997,8.330614855,13.7337186,0.9516018336,1498
6,Rectum and anus,124,Canada,2,0,1998,8.69193012,14.30784228,1.035029904,1580
6,Rectum and anus,124,Canada,2,0,1999,8.942455001,14.89314371,1.027058804,1661
6,Rectum and anus,124,Canada,2,0,2000,8.988819557,15.20990107,1.048005398,1715
6,Rectum and anus,124,Canada,2,0,2001,8.850002738,15.28173533,1.024591655,1746
6,Rectum and anus,124,Canada,2,0,2002,9.503411395,16.11511061,1.131483035,1859
6,Rectum and anus,124,Canada,2,0,2003,9.226714922,16.19563434,1.064455418,1887
6,Rectum and anus,124,Canada,2,0,2004,8.926160743,15.71800056,1.028658056,1851
6,Rectum and anus,124,Canada,2,0,2005,9.147382014,16.28613744,1.07078822,1939
6,Rectum and anus,124,Canada,2,0,2006,9.001753306,15.96607454,1.059545801,1923
6,Rectum and anus,124,Canada,2,0,2007,9.40108726,16.6575519,1.109343979,2031
6,Rectum and anus,124,Canada,2,0,2008,9.166959866,16.87686551,1.063609111,2082
6,Rectum and anus,124,Canada,2,0,2009,9.626928773,17.61982018,1.137146261,2200
6,Rectum and anus,124,Canada,2,0,2010,9.110211934,16.93166984,1.017611424,2141
6,Rectum and anus,124,Canada,2,0,2011,9.290077918,17.14599948,1.069765696,2191
6,Rectum and anus,124,Canada,2,0,2012,9.432368108,17.40676477,1.093060437,2251
6,Rectum and anus,124,Canada,2,0,2013,9.494173111,17.74407227,1.115377855,2323
6,Rectum and anus,124,Canada,2,0,2014,9.530102678,17.9188051,1.107471059,2375
6,Rectum and anus,124,Canada,2,0,2015,9.795747254,18.54040234,1.129663904,2480
6,Rectum and anus,124,Canada,2,0,2016,8.921570683,17.18906675,1.007216222,2330
6,Rectum and anus,124,Canada,2,0,2017,9.083991834,17.48948174,1.032662044,2402
6,Rectum and anus,124,Canada,2,1,1980,3.343359659,4.912350274,0.3425664584,605
6,Rectum and anus,124,Canada,2,1,1981,3.108304124,4.567194427,0.3256458527,570
6,Rectum and anus,124,Canada,2,1,1982,2.935563978,4.383925522,0.317414643,554
6,Rectum and anus,124,Canada,2,1,1983,2.697501809,4.185229005,0.2790241864,535
6,Rectum and anus,124,Canada,2,1,1984,2.849118122,4.31829018,0.3127864011,558
6,Rectum and anus,124,Canada,2,1,1985,2.796836032,4.53340451,0.3041638205,592
6,Rectum and anus,124,Canada,2,1,1986,2.797705417,4.566397464,0.3151855135,603
6,Rectum and anus,124,Canada,2,1,1987,2.587317915,4.3519337,0.2731689129,582
6,Rectum and anus,124,Canada,2,1,1988,2.477237785,4.103699983,0.2675744449,557
6,Rectum and anus,124,Canada,2,1,1989,2.385712177,3.934529288,0.2615167962,543
6,Rectum and anus,124,Canada,2,1,1990,2.381966625,4.116291587,0.2603105861,577
6,Rectum and anus,124,Canada,2,1,1991,2.078527321,3.717383524,0.2198242499,528
6,Rectum and anus,124,Canada,2,1,1992,2.100556273,3.76828234,0.2212973867,542
6,Rectum and anus,124,Canada,2,1,1993,2.222358271,4.059606843,0.2324117507,591
6,Rectum and anus,124,Canada,2,1,1994,2.056791163,3.74254433,0.2210137588,551
6,Rectum and anus,124,Canada,2,1,1995,2.067408365,3.762331503,0.2135286889,560
6,Rectum and anus,124,Canada,2,1,1996,2.02553448,3.70318771,0.2197970139,557
6,Rectum and anus,124,Canada,2,1,1997,1.893276669,3.64801982,0.1905354401,554
6,Rectum and anus,124,Canada,2,1,1998,2.01076112,3.915646276,0.2108763613,600
6,Rectum and anus,124,Canada,2,1,1999,1.925488547,3.835943117,0.2025869292,593
6,Rectum and anus,124,Canada,2,1,2000,1.721282543,3.582931287,0.1707908,559
6,Rectum and anus,124,Canada,2,1,2001,1.950431526,3.858524288,0.2110474461,608
6,Rectum and anus,124,Canada,2,1,2002,1.972818136,4.05895615,0.2052811331,646
6,Rectum and anus,124,Canada,2,1,2003,1.863053751,3.865375988,0.1959437538,621
6,Rectum and anus,124,Canada,2,1,2004,2.038904437,4.28029176,0.2162490674,694
6,Rectum and anus,124,Canada,2,1,2005,1.978000456,4.185331872,0.2115313995,685
6,Rectum and anus,124,Canada,2,1,2006,1.904164535,4.199355127,0.2007145919,694
6,Rectum and anus,124,Canada,2,1,2007,2.098935964,4.594090263,0.2311932261,767
6,Rectum and anus,124,Canada,2,1,2008,2.087248282,4.675131815,0.2211897741,789
6,Rectum and anus,124,Canada,2,1,2009,2.088893783,4.880726871,0.2127334562,833
6,Rectum and anus,124,Canada,2,1,2010,2.156655829,4.827897761,0.2337777093,833
6,Rectum and anus,124,Canada,2,1,2011,2.260570751,5.226038049,0.2440682122,911
6,Rectum and anus,124,Canada,2,1,2012,2.210234534,5.053778305,0.234888767,890
6,Rectum and anus,124,Canada,2,1,2013,2.262124387,5.502829629,0.2289428297,979
6,Rectum and anus,124,Canada,2,1,2014,2.299779798,5.462315701,0.2397469938,981
6,Rectum and anus,124,Canada,2,1,2015,2.430940482,5.815309254,0.2525773581,1054
6,Rectum and anus,124,Canada,2,1,2016,2.425485266,5.993224545,0.2579433843,1098
6,Rectum and anus,124,Canada,2,1,2017,2.364280191,5.985470997,0.2442917135,1110
6,Rectum and anus,124,Canada,2,1,2018,2.280718444,5.899869628,0.23035368,1108
6,Rectum and anus,124,Canada,2,1,2019,2.445884669,6.168259064,0.2525235749,1173
6,Rectum and anus,124,Canada,2,1,2020,2.438960397,6.247574672,0.2473891125,1200
6,Rectum and anus,124,Canada,2,1,2021,2.500414388,6.413874394,0.2639399287,1241
6,Rectum and anus,124,Canada,2,1,2022,2.624462368,6.873466569,0.2633945312,1343
6,Rectum and anus,188,Costa Rica,1,0,1982,2.757540457,1.768460314,0.3051854332,22
6,Rectum and anus,188,Costa Rica,1,0,1983,3.255423337,2.030793072,0.3918117158,26
6,Rectum and anus,188,Costa Rica,1,0,1984,4.070739837,2.656338821,0.4283714102,35
6,Rectum and anus,188,Costa Rica,1,0,1985,3.310115634,2.21047722,0.4016148001,30
6,Rectum and anus,188,Costa Rica,1,0,1986,2.975910667,2.074461731,0.283322512,29
6,Rectum and anus,188,Costa Rica,1,0,1987,3.311377585,2.15663576,0.4268980208,31
6,Rectum and anus,188,Costa Rica,1,0,1988,3.19009124,2.09966358,0.3548504053,31
6,Rectum and anus,188,Costa Rica,1,0,1989,4.220741905,2.772429117,0.4742172807,42
6,Rectum and anus,188,Costa Rica,1,0,1990,3.842257188,2.513121393,0.5240214408,39
6,Rectum and anus,188,Costa Rica,1,0,1991,4.271995519,2.708292919,0.5701012447,43
6,Rectum and anus,188,Costa Rica,1,0,1992,4.686975402,3.142832493,0.5917646386,51
6,Rectum and anus,188,Costa Rica,1,0,1993,3.116300064,2.281914983,0.3101582511,38
6,Rectum and anus,188,Costa Rica,1,0,1994,4.23687157,2.915009969,0.4599509289,50
6,Rectum and anus,188,Costa Rica,1,0,1995,4.985011108,3.342708024,0.5707735917,59
6,Rectum and anus,188,Costa Rica,1,0,1996,3.736020157,2.757324557,0.3506318963,50
6,Rectum and anus,188,Costa Rica,1,0,1997,4.725628067,3.333385305,0.5333204403,62
6,Rectum and anus,188,Costa Rica,1,0,1998,4.002121099,2.833347238,0.4535219733,54
6,Rectum and anus,188,Costa Rica,1,0,1999,5.684176173,4.252419524,0.5906413589,83
6,Rectum and anus,188,Costa Rica,1,0,2000,5.095726095,3.706725854,0.5978975362,74
6,Rectum and anus,188,Costa Rica,1,0,2001,4.923712061,3.973416373,0.560269432,81
6,Rectum and anus,188,Costa Rica,1,0,2002,4.258376213,3.221212695,0.5578642958,67
6,Rectum and anus,188,Costa Rica,1,0,2003,4.88576972,3.808002422,0.600446102,80
6,Rectum and anus,188,Costa Rica,1,0,2004,4.641834172,3.891046935,0.5177498513,83
6,Rectum and anus,188,Costa Rica,1,0,2005,5.212009459,4.434575461,0.5652519639,96
6,Rectum and anus,188,Costa Rica,1,0,2006,6.128031093,5.191036992,0.6901124213,114
6,Rectum and anus,188,Costa Rica,1,0,2007,7.187377873,6.105395284,0.9027146316,136
6,Rectum and anus,188,Costa Rica,1,0,2008,4.437602333,4.073500111,0.4779127135,92
6,Rectum and anus,188,Costa Rica,1,0,2009,5.95567698,5.420990161,0.6927211522,124
6,Rectum and anus,188,Costa Rica,1,0,2010,6.045961637,5.790105229,0.6744445934,134
6,Rectum and anus,188,Costa Rica,1,0,2011,5.506675738,5.256466415,0.6857895083,123
6,Rectum and anus,188,Costa Rica,1,0,2012,5.689949448,5.622668231,0.6787566543,133
6,Rectum and anus,188,Costa Rica,1,0,2013,5.461837549,5.628246742,0.5975144691,134
6,Rectum and anus,188,Costa Rica,1,0,2014,7.372286333,7.301935013,0.9099212516,176
6,Rectum and anus,188,Costa Rica,1,0,2015,7.815464319,7.993985244,0.9931031179,195
6,Rectum and anus,188,Costa Rica,1,0,2016,6.227234311,6.645519866,0.7440418059,164
6,Rectum and anus,188,Costa Rica,1,1,1981,1.98120273,0.9729657415,0.1895683693,12
6,Rectum and anus,188,Costa Rica,1,1,1982,1.279042437,0.7101095936,0.134691914,9
6,Rectum and anus,188,Costa Rica,1,1,1983,1.873164709,0.9979698989,0.1751990169,13
6,Rectum and anus,188,Costa Rica,1,1,1984,2.103609025,1.344312884,0.2556341806,18
6,Rectum and anus,188,Costa Rica,1,1,1985,2.655524703,1.743857172,0.2055696188,24
6,Rectum and anus,188,Costa Rica,1,1,1986,3.465965928,1.838654529,0.2610777579,26
6,Rectum and anus,188,Costa Rica,1,1,1987,2.039276644,1.239703146,0.1556888874,18
6,Rectum and anus,188,Costa Rica,1,1,1988,1.354628467,0.9397360684,0.1159999194,14
6,Rectum and anus,188,Costa Rica,1,1,1989,2.510486509,1.440123275,0.2679485929,22
6,Rectum and anus,188,Costa Rica,1,1,1990,1.278488,0.7662008378,0.1505970357,12
6,Rectum and anus,188,Costa Rica,1,1,1991,2.310569557,1.432630846,0.2185601574,23
6,Rectum and anus,188,Costa Rica,1,1,1992,2.349878688,1.276515429,0.2401401559,21
6,Rectum and anus,188,Costa Rica,1,1,1993,1.49526185,0.9495436256,0.1088321298,16
6,Rectum and anus,188,Costa Rica,1,1,1994,1.992172574,1.275385239,0.2006719202,22
6,Rectum and anus,188,Costa Rica,1,1,1995,1.778503887,1.076557396,0.1856756661,19
6,Rectum and anus,188,Costa Rica,1,1,1996,1.428679016,1.052915079,0.144195418,19
6,Rectum and anus,188,Costa Rica,1,1,1997,1.710648537,1.247631873,0.1780577731,23
6,Rectum and anus,188,Costa Rica,1,1,1998,1.585753005,1.115966747,0.1599480313,21
6,Rectum and anus,188,Costa Rica,1,1,1999,1.822328924,1.250395959,0.1628377,24
6,Rectum and anus,188,Costa Rica,1,1,2000,1.594580833,1.176055209,0.2072877551,23
6,Rectum and anus,188,Costa Rica,1,1,2001,1.962239003,1.557625355,0.1702445745,31
6,Rectum and anus,188,Costa Rica,1,1,2002,1.989458331,1.63147138,0.1947645836,33
6,Rectum and anus,188,Costa Rica,1,1,2003,1.975846324,1.607017896,0.1816778207,33
6,Rectum and anus,188,Costa Rica,1,1,2004,2.118667542,1.8239714,0.2043092628,38
6,Rectum and anus,188,Costa Rica,1,1,2005,1.971639221,1.750915267,0.1446514812,37
6,Rectum and anus,188,Costa Rica,1,1,2006,2.433514139,2.193748098,0.2295203544,47
6,Rectum and anus,188,Costa Rica,1,1,2007,2.618513321,2.349056969,0.2562707733,51
6,Rectum and anus,188,Costa Rica,1,1,2008,2.313613098,2.181637701,0.2718525334,48
6,Rectum and anus,188,Costa Rica,1,1,2009,1.616850127,1.525149947,0.1841529767,34
6,Rectum and anus,188,Costa Rica,1,1,2010,2.733343212,2.703075768,0.2984894003,61
6,Rectum and anus,188,Costa Rica,1,1,2011,2.51407995,2.62804089,0.2929887599,60
6,Rectum and anus,188,Costa Rica,1,1,2012,2.547393327,2.684256339,0.2989718454,62
6,Rectum and anus,188,Costa Rica,1,1,2013,2.659166734,2.911465544,0.2410462693,68
6,Rectum and anus,188,Costa Rica,1,1,2014,3.146193759,3.515824387,0.2860283747,83
6,Rectum and anus,188,Costa Rica,1,1,2015,3.003754217,3.478970149,0.3212328929,83
6,Rectum and anus,188,Costa Rica,1,1,2016,2.958963349,3.527380043,0.330026433,85
6,Rectum and anus,188,Costa Rica,1,1,2017,2.259323455,2.754547419,0.2658969776,67
6,Rectum and anus,188,Costa Rica,1,1,2018,3.307829503,4.115605316,0.3855229083,101
6,Rectum and anus,188,Costa Rica,1,1,2019,3.080330188,3.960718563,0.3349988702,98
6,Rectum and anus,188,Costa Rica,1,1,2020,3.086948777,4.135197679,0.3214767964,103
6,Rectum and anus,188,Costa Rica,1,1,2021,3.631217009,4.915380525,0.4173151167,123
6,Rectum and anus,188,Costa Rica,1,1,2022,2.937426126,4.100253997,0.348697186,103
6,Rectum and anus,188,Costa Rica,2,0,1982,4.104916505,2.751981427,0.4644937642,33
6,Rectum and anus,188,Costa Rica,2,0,1983,3.95431407,2.754722729,0.5142100618,34
6,Rectum and anus,188,Costa Rica,2,0,1984,3.520736832,2.361806751,0.3679519132,30
6,Rectum and anus,188,Costa Rica,2,0,1985,4.79647416,3.209311282,0.5558262225,42
6,Rectum and anus,188,Costa Rica,2,0,1986,2.997895795,2.151017765,0.3776418251,29
6,Rectum and anus,188,Costa Rica,2,0,1987,3.745727648,2.740668564,0.3864327297,38
6,Rectum and anus,188,Costa Rica,2,0,1988,2.710442065,2.035850628,0.2696727293,29
6,Rectum and anus,188,Costa Rica,2,0,1989,2.861512207,2.120233663,0.3238846201,31
6,Rectum and anus,188,Costa Rica,2,0,1990,4.470647639,3.069398431,0.6021714981,46
6,Rectum and anus,188,Costa Rica,2,0,1991,4.293837141,3.129210989,0.4714061317,48
6,Rectum and anus,188,Costa Rica,2,0,1992,3.499364671,2.741422059,0.4597202785,43
6,Rectum and anus,188,Costa Rica,2,0,1993,3.36021874,2.48485481,0.370181199,40
6,Rectum and anus,188,Costa Rica,2,0,1994,3.629128807,2.473885424,0.4693728947,41
6,Rectum and anus,188,Costa Rica,2,0,1995,4.088417135,3.108808898,0.4456629371,53
6,Rectum and anus,188,Costa Rica,2,0,1996,4.872517878,3.768676361,0.5366005662,66
6,Rectum and anus,188,Costa Rica,2,0,1997,4.349164758,3.33977353,0.525369064,60
6,Rectum and anus,188,Costa Rica,2,0,1998,4.165153198,3.584786168,0.4827121595,66
6,Rectum and anus,188,Costa Rica,2,0,1999,4.860197339,3.924005795,0.5510924887,74
6,Rectum and anus,188,Costa Rica,2,0,2000,5.034132908,4.302845684,0.5717599766,83
6,Rectum and anus,188,Costa Rica,2,0,2001,3.410643677,2.893813788,0.4354294042,57
6,Rectum and anus,188,Costa Rica,2,0,2002,3.846426255,3.334016724,0.4211322029,67
6,Rectum and anus,188,Costa Rica,2,0,2003,4.478591953,3.97954025,0.5437561262,81
6,Rectum and anus,188,Costa Rica,2,0,2004,4.948867097,4.353765717,0.5612246967,90
6,Rectum and anus,188,Costa Rica,2,0,2005,4.048836021,3.716636044,0.4613757536,78
6,Rectum and anus,188,Costa Rica,2,0,2006,4.661072015,4.413191122,0.5040884981,94
6,Rectum and anus,188,Costa Rica,2,0,2007,5.471618091,5.320130773,0.5797025278,115
6,Rectum and anus,188,Costa Rica,2,0,2008,3.632954558,3.785278913,0.3771742421,83
6,Rectum and anus,188,Costa Rica,2,0,2009,4.497425889,4.635703468,0.4942454207,103
6,Rectum and anus,188,Costa Rica,2,0,2010,5.092296325,5.379580535,0.5364157467,121
6,Rectum and anus,188,Costa Rica,2,0,2011,4.487575897,4.921902157,0.472504348,112
6,Rectum and anus,188,Costa Rica,2,0,2012,3.435533655,3.910202631,0.3853954722,90
6,Rectum and anus,188,Costa Rica,2,0,2013,4.607022764,4.887839099,0.5915408301,114
6,Rectum and anus,188,Costa Rica,2,0,2014,5.316438016,5.967475986,0.6418536041,141
6,Rectum and anus,188,Costa Rica,2,0,2015,5.573383187,6.184961267,0.6401237218,148
6,Rectum and anus,188,Costa Rica,2,0,2016,4.575535428,5.366239665,0.496739067,130
6,Rectum and anus,188,Costa Rica,2,1,1981,1.408414972,0.7357181774,0.1518822945,9
6,Rectum and anus,188,Costa Rica,2,1,1982,2.675523751,1.749647685,0.1903461288,22
6,Rectum and anus,188,Costa Rica,2,1,1983,2.544416042,1.779485396,0.3188266613,23
6,Rectum and anus,188,Costa Rica,2,1,1984,1.309689016,0.9784584838,0.09574728585,13
6,Rectum and anus,188,Costa Rica,2,1,1985,1.661486376,1.244842599,0.1496507785,17
6,Rectum and anus,188,Costa Rica,2,1,1986,2.451496013,1.639181863,0.2068380314,23
6,Rectum and anus,188,Costa Rica,2,1,1987,1.551002122,1.110541573,0.1704137956,16
6,Rectum and anus,188,Costa Rica,2,1,1988,1.503848582,1.082307452,0.1420174045,16
6,Rectum and anus,188,Costa Rica,2,1,1989,1.345979722,1.187194133,0.07220749882,18
6,Rectum and anus,188,Costa Rica,2,1,1990,1.129193093,0.7714377736,0.1339066307,12
6,Rectum and anus,188,Costa Rica,2,1,1991,2.309838834,1.690947419,0.1936477625,27
6,Rectum and anus,188,Costa Rica,2,1,1992,1.465948046,1.098127114,0.140644902,18
6,Rectum and anus,188,Costa Rica,2,1,1993,1.52010678,1.188768397,0.1248198372,20
6,Rectum and anus,188,Costa Rica,2,1,1994,0.7880947025,0.6372553989,0.08983214843,11
6,Rectum and anus,188,Costa Rica,2,1,1995,1.230992927,0.9602940985,0.1028503677,17
6,Rectum and anus,188,Costa Rica,2,1,1996,1.303310992,1.102232627,0.08725328446,20
6,Rectum and anus,188,Costa Rica,2,1,1997,1.225443446,1.022484708,0.1153474768,19
6,Rectum and anus,188,Costa Rica,2,1,1998,1.363457938,1.157247896,0.1158382715,22
6,Rectum and anus,188,Costa Rica,2,1,1999,0.9794492202,0.9780157502,0.06892909216,19
6,Rectum and anus,188,Costa Rica,2,1,2000,1.091255672,1.059509896,0.1058385551,21
6,Rectum and anus,188,Costa Rica,2,1,2001,1.384699338,1.238397454,0.1412238837,25
6,Rectum and anus,188,Costa Rica,2,1,2002,1.06518188,1.022897811,0.100832134,21
6,Rectum and anus,188,Costa Rica,2,1,2003,1.686602957,1.726377343,0.1796301168,36
6,Rectum and anus,188,Costa Rica,2,1,2004,1.350386054,1.275563533,0.1694079294,27
6,Rectum and anus,188,Costa Rica,2,1,2005,1.566130506,1.582823939,0.1574064501,34
6,Rectum and anus,188,Costa Rica,2,1,2006,1.713889934,1.744009271,0.1587744729,38
6,Rectum and anus,188,Costa Rica,2,1,2007,1.115311523,1.267448063,0.1141394276,28
6,Rectum and anus,188,Costa Rica,2,1,2008,1.079752245,1.294715974,0.09514553622,29
6,Rectum and anus,188,Costa Rica,2,1,2009,1.509297856,1.76172494,0.1796253098,40
6,Rectum and anus,188,Costa Rica,2,1,2010,2.000322233,2.479043924,0.1855030006,57
6,Rectum and anus,188,Costa Rica,2,1,2011,2.03074292,2.664645547,0.1559415589,62
6,Rectum and anus,188,Costa Rica,2,1,2012,1.961379621,2.506192206,0.1863804418,59
6,Rectum and anus,188,Costa Rica,2,1,2013,1.541819858,2.100351872,0.1409396341,50
6,Rectum and anus,188,Costa Rica,2,1,2014,1.237662466,1.786928328,0.1082735158,43
6,Rectum and anus,188,Costa Rica,2,1,2015,1.321186661,1.809005972,0.1455706856,44
6,Rectum and anus,188,Costa Rica,2,1,2016,1.666613062,2.360336258,0.1723022352,58
6,Rectum and anus,188,Costa Rica,2,1,2017,1.518770441,2.257304041,0.1449135754,56
6,Rectum and anus,188,Costa Rica,2,1,2018,1.923196911,2.955573733,0.1968593421,74
6,Rectum and anus,188,Costa Rica,2,1,2019,1.908537164,3.009597051,0.1808325316,76
6,Rectum and anus,188,Costa Rica,2,1,2020,1.878278641,2.948683472,0.2155856223,75
6,Rectum and anus,188,Costa Rica,2,1,2021,1.770671856,2.932393091,0.1886909831,75
6,Rectum and anus,188,Costa Rica,2,1,2022,1.977600354,3.152088258,0.1967722222,81
6,Rectum and anus,196,Cyprus,1,0,1998,6.084366288,8.622612057,0.8761794938,29
6,Rectum and anus,196,Cyprus,1,0,1999,7.268704333,9.715426331,0.8545864986,33
6,Rectum and anus,196,Cyprus,1,0,2000,8.538415831,11.96161779,1.139116708,41
6,Rectum and anus,196,Cyprus,1,0,2001,7.155006833,9.243799433,0.9363141819,32
6,Rectum and anus,196,Cyprus,1,0,2002,8.556821463,11.9953047,1.052252303,42
6,Rectum and anus,196,Cyprus,1,0,2003,7.368341277,11.84560105,0.801748864,42
6,Rectum and anus,196,Cyprus,1,0,2004,8.096348045,12.52362094,0.8039695647,45
6,Rectum and anus,196,Cyprus,1,0,2005,7.827565753,11.24575541,0.9218849111,41
6,Rectum and anus,196,Cyprus,1,0,2006,10.64044404,15.07345618,1.398461369,56
6,Rectum and anus,196,Cyprus,1,0,2007,9.752269156,14.45626061,1.036711045,55
6,Rectum and anus,196,Cyprus,1,0,2008,10.90685612,16.41337074,1.423058822,64
6,Rectum and anus,196,Cyprus,1,0,2009,7.507568499,12.01186171,0.9233933227,48
6,Rectum and anus,196,Cyprus,1,0,2010,7.95113495,12.96610709,0.7639162011,53
6,Rectum and anus,196,Cyprus,1,0,2011,11.83927212,19.33206521,1.337661999,81
6,Rectum and anus,196,Cyprus,1,0,2012,9.917601924,16.62549876,1.263853884,70
6,Rectum and anus,196,Cyprus,1,0,2013,9.285417987,15.02923544,1.173900641,63
6,Rectum and anus,196,Cyprus,1,0,2014,7.136181098,13.0319258,0.6827123617,54
6,Rectum and anus,196,Cyprus,1,0,2015,10.58061442,18.29482476,1.328751747,75
6,Rectum and anus,196,Cyprus,1,0,2016,9.943071703,17.89038513,1.140174856,74
6,Rectum and anus,196,Cyprus,1,0,2017,9.231769893,17.08152633,1.113123913,72
6,Rectum and anus,196,Cyprus,1,1,2005,1.503990237,2.471597229,0.09954034677,9
6,Rectum and anus,196,Cyprus,1,1,2006,1.151146103,1.620561687,0.2367889399,6
6,Rectum and anus,196,Cyprus,1,1,2007,0.9847819731,1.585812266,0.1526672624,6
6,Rectum and anus,196,Cyprus,1,1,2008,0.9147428013,1.548255245,0.05829791594,6
6,Rectum and anus,196,Cyprus,1,1,2009,1.557282713,2.517477588,0.1755106939,10
6,Rectum and anus,196,Cyprus,1,1,2010,0.9863705611,1.966921301,0.09828946744,8
6,Rectum and anus,196,Cyprus,1,1,2011,1.707252295,2.905217286,0.1288118219,12
6,Rectum and anus,196,Cyprus,1,1,2012,1.860462725,3.095164401,0.1514663756,13
6,Rectum and anus,196,Cyprus,1,1,2013,1.1696592,2.385592927,0.1050895567,10
6,Rectum and anus,196,Cyprus,1,1,2014,1.384917474,2.413319594,0.1743162488,10
6,Rectum and anus,196,Cyprus,1,1,2015,1.191210292,2.195378971,0.09774215186,9
6,Rectum and anus,196,Cyprus,1,1,2016,2.158441745,4.10995334,0.2360705015,17
6,Rectum and anus,196,Cyprus,1,1,2017,1.674620221,3.084164476,0.2173332045,13
6,Rectum and anus,196,Cyprus,1,1,2018,1.84782252,3.739794452,0.1831357192,16
6,Rectum and anus,196,Cyprus,1,1,2019,3.282941302,6.028747852,0.3736636592,26
6,Rectum and anus,196,Cyprus,1,1,2020,1.683398082,3.427396321,0.1493053172,15
6,Rectum and anus,196,Cyprus,1,1,2021,2.714359994,6.121296899,0.319172057,27
6,Rectum and anus,196,Cyprus,1,1,2022,1.799547512,3.784286751,0.2231541131,17
6,Rectum and anus,196,Cyprus,2,0,1998,3.847245546,5.771389491,0.4435518184,20
6,Rectum and anus,196,Cyprus,2,0,1999,5.186205265,7.410341987,0.6667994335,26
6,Rectum and anus,196,Cyprus,2,0,2000,6.344975524,9.864267677,0.66686009,35
6,Rectum and anus,196,Cyprus,2,0,2001,4.956014646,8.348151302,0.604060617,30
6,Rectum and anus,196,Cyprus,2,0,2002,4.336689936,6.600968692,0.6440868691,24
6,Rectum and anus,196,Cyprus,2,0,2003,4.298452002,7.058868246,0.6396592764,26
6,Rectum and anus,196,Cyprus,2,0,2004,4.433881373,6.956596191,0.5693893556,26
6,Rectum and anus,196,Cyprus,2,0,2005,6.599736251,11.59631132,0.7450938988,44
6,Rectum and anus,196,Cyprus,2,0,2006,7.341556029,11.38710462,0.8243076823,44
6,Rectum and anus,196,Cyprus,2,0,2007,6.734164027,10.86201452,0.9163779038,43
6,Rectum and anus,196,Cyprus,2,0,2008,6.562325063,10.3193089,0.8146682126,42
6,Rectum and anus,196,Cyprus,2,0,2009,4.807301866,7.627492343,0.6839838702,32
6,Rectum and anus,196,Cyprus,2,0,2010,4.87873324,8.816848534,0.5712075788,38
6,Rectum and anus,196,Cyprus,2,0,2011,5.710452658,9.480427432,0.7025819099,42
6,Rectum and anus,196,Cyprus,2,0,2012,4.664305028,8.092833796,0.5550312211,36
6,Rectum and anus,196,Cyprus,2,0,2013,4.046100366,7.679329278,0.4913202275,34
6,Rectum and anus,196,Cyprus,2,0,2014,3.737194388,7.064738069,0.4126675794,31
6,Rectum and anus,196,Cyprus,2,0,2015,5.281477099,9.234356423,0.5844246203,40
6,Rectum and anus,196,Cyprus,2,0,2016,6.582120131,11.92105511,0.7734955173,52
6,Rectum and anus,196,Cyprus,2,0,2017,4.507689705,8.583148118,0.4951290827,38
6,Rectum and anus,196,Cyprus,2,1,2005,0.5918110372,1.584371757,0.03897875608,6
6,Rectum and anus,196,Cyprus,2,1,2006,0.7895303258,1.298620346,0.07082566592,5
6,Rectum and anus,196,Cyprus,2,1,2007,1.256991953,2.033900029,0.1811313713,8
6,Rectum and anus,196,Cyprus,2,1,2008,0.9029385924,1.734317435,0.07966238943,7
6,Rectum and anus,196,Cyprus,2,1,2009,0.6697808521,1.203010413,0.0833776737,5
6,Rectum and anus,196,Cyprus,2,1,2010,0.3293768749,1.168969927,0,5
6,Rectum and anus,196,Cyprus,2,1,2011,0.8573915054,1.605821332,0.10296003,7
6,Rectum and anus,196,Cyprus,2,1,2012,0.8507165955,1.802077796,0.03744321113,8
6,Rectum and anus,196,Cyprus,2,1,2013,0.9479212548,1.806901007,0.07924259727,8
6,Rectum and anus,196,Cyprus,2,1,2014,0.5231936552,1.139473882,0.03688311369,5
6,Rectum and anus,196,Cyprus,2,1,2015,0.821718831,2.077730195,0.06648151796,9
6,Rectum and anus,196,Cyprus,2,1,2016,0.9828267588,2.063259537,0.1054573707,9
6,Rectum and anus,196,Cyprus,2,1,2017,0.8039877297,1.806978551,0.08802433309,8
6,Rectum and anus,196,Cyprus,2,1,2018,0.8823717311,2.454984511,0.06559306319,11
6,Rectum and anus,196,Cyprus,2,1,2019,0.6994626227,1.557927067,0.06135107324,7
6,Rectum and anus,196,Cyprus,2,1,2020,0.6730896313,1.963534974,0.04339157114,9
6,Rectum and anus,196,Cyprus,2,1,2021,1.04197812,1.941236611,0.0888037348,9
6,Rectum and anus,196,Cyprus,2,1,2022,1.511050465,2.969404528,0.1719578419,14
6,Rectum and anus,32,Argentina,1,0,2003,8.151836824,9.226652724,1.050204364,72
6,Rectum and anus,32,Argentina,1,0,2004,7.10465732,7.611074113,0.828757856,60
6,Rectum and anus,32,Argentina,1,0,2005,7.091541378,8.15620769,0.7670778229,65
6,Rectum and anus,32,Argentina,1,0,2006,7.987699023,8.773447347,1.079758872,71
6,Rectum and anus,32,Argentina,1,0,2007,7.287173684,7.934221641,0.9485632387,65
6,Rectum and anus,32,Argentina,1,0,2008,7.64305819,8.319036246,0.9150176934,69
6,Rectum and anus,32,Argentina,1,0,2009,9.028531961,10.11183692,1.085843677,85
6,Rectum and anus,32,Argentina,1,0,2010,8.772340243,9.982290243,1.081143565,85
6,Rectum and anus,32,Argentina,1,0,2011,7.85651693,9.427236465,0.8726663015,80
6,Rectum and anus,32,Argentina,1,0,2012,9.12400598,10.59306003,1.103465903,91
6,Rectum and anus,32,Argentina,1,0,2013,8.055568772,9.20619577,1.04421496,80
6,Rectum and anus,32,Argentina,1,0,2014,8.167940292,9.437287519,1.157397873,83
6,Rectum and anus,32,Argentina,1,0,2015,6.841409587,7.634436247,0.74328832,68
6,Rectum and anus,32,Argentina,1,0,2016,8.227930379,9.652316889,0.8973853565,87
6,Rectum and anus,32,Argentina,1,0,2017,10.29109339,11.85993418,1.215843356,108
6,Rectum and anus,32,Argentina,1,1,1980,3.733372812,3.817225174,0.4385107278,527
6,Rectum and anus,32,Argentina,1,1,1981,4.306310642,4.377974808,0.4866269848,614
6,Rectum and anus,32,Argentina,1,1,1982,3.667223598,3.305874339,0.3485159451,471
6,Rectum and anus,32,Argentina,1,1,1983,3.743528982,3.440526815,0.3963793519,498
6,Rectum and anus,32,Argentina,1,1,1984,4.28675472,3.862569768,0.426352265,568
6,Rectum and anus,32,Argentina,1,1,1985,3.801324971,3.494772988,0.4125374078,522
6,Rectum and anus,32,Argentina,1,1,1986,3.686030108,3.342340182,0.3924909442,507
6,Rectum and anus,32,Argentina,1,1,1987,3.748077106,3.499084785,0.389643868,539
6,Rectum and anus,32,Argentina,1,1,1988,3.752483758,3.470977403,0.3737393647,543
6,Rectum and anus,32,Argentina,1,1,1989,3.862093506,3.670088389,0.3870808978,583
6,Rectum and anus,32,Argentina,1,1,1990,3.466535945,3.330245156,0.3538635204,537
6,Rectum and anus,32,Argentina,1,1,1991,2.88831117,2.836083453,0.3176365113,464
6,Rectum and anus,32,Argentina,1,1,1992,3.083493754,3.043932138,0.3498010082,505
6,Rectum and anus,32,Argentina,1,1,1993,2.942351433,2.943299126,0.3199365531,495
6,Rectum and anus,32,Argentina,1,1,1994,2.775173686,2.780397028,0.3168235565,474
6,Rectum and anus,32,Argentina,1,1,1995,2.394031931,2.500481574,0.2500710883,432
6,Rectum and anus,32,Argentina,1,1,1996,2.497111039,2.634591477,0.2627539746,461
6,Rectum and anus,32,Argentina,1,1,1997,2.508958562,2.596843565,0.2782007871,460
6,Rectum and anus,32,Argentina,1,1,1998,2.303325723,2.465862862,0.2583830179,442
6,Rectum and anus,32,Argentina,1,1,1999,2.327498058,2.48694958,0.2628416339,451
6,Rectum and anus,32,Argentina,1,1,2000,2.378326166,2.556722511,0.2702030613,469
6,Rectum and anus,32,Argentina,1,1,2001,2.259532994,2.50703182,0.2422339535,465
6,Rectum and anus,32,Argentina,1,1,2002,2.245114958,2.501604707,0.2435268437,469
6,Rectum and anus,32,Argentina,1,1,2003,2.278236237,2.486302834,0.2554470553,471
6,Rectum and anus,32,Argentina,1,1,2004,2.193970004,2.455606103,0.2561960489,470
6,Rectum and anus,32,Argentina,1,1,2005,2.107113032,2.419605818,0.2304265334,468
6,Rectum and anus,32,Argentina,1,1,2006,2.127314549,2.445285521,0.2371495499,478
6,Rectum and anus,32,Argentina,1,1,2007,2.207801122,2.541736761,0.2560498683,502
6,Rectum and anus,32,Argentina,1,1,2008,2.072286333,2.424879221,0.2238912104,484
6,Rectum and anus,32,Argentina,1,1,2009,2.144524823,2.497358634,0.2219340727,504
6,Rectum and anus,32,Argentina,1,1,2010,2.14775801,2.528794751,0.2438141029,516
6,Rectum and anus,32,Argentina,1,1,2011,2.240987316,2.6997356,0.2580800185,557
6,Rectum and anus,32,Argentina,1,1,2012,2.258260585,2.781187263,0.2421413203,580
6,Rectum and anus,32,Argentina,1,1,2013,2.220452503,2.695087247,0.2466379424,568
6,Rectum and anus,32,Argentina,1,1,2014,2.157881799,2.651872379,0.2435091441,565
6,Rectum and anus,32,Argentina,1,1,2015,2.224178609,2.776526484,0.2542748052,598
6,Rectum and anus,32,Argentina,1,1,2016,2.255976949,2.840999923,0.248763727,618
6,Rectum and anus,32,Argentina,1,1,2017,2.216819164,2.805975069,0.2658781916,616
6,Rectum and anus,32,Argentina,1,1,2018,2.138795035,2.705170043,0.2497094743,599
6,Rectum and anus,32,Argentina,1,1,2019,2.047674281,2.653790582,0.2313417939,592
6,Rectum and anus,32,Argentina,1,1,2020,2.123928743,2.752070414,0.2355134049,617
6,Rectum and anus,32,Argentina,1,1,2021,2.240339762,2.922842952,0.2614492511,657
6,Rectum and anus,32,Argentina,1,1,2022,2.153102918,2.885409854,0.2372700978,650
6,Rectum and anus,32,Argentina,2,0,2003,5.971401925,7.914648431,0.6420668544,65
6,Rectum and anus,32,Argentina,2,0,2004,3.977832486,5.663141863,0.463767333,47
6,Rectum and anus,32,Argentina,2,0,2005,3.933943302,5.373333222,0.4111481218,45
6,Rectum and anus,32,Argentina,2,0,2006,4.874999029,6.624968798,0.5553609066,56
6,Rectum and anus,32,Argentina,2,0,2007,4.961422952,6.194454444,0.7345783894,53
6,Rectum and anus,32,Argentina,2,0,2008,5.22790941,6.811823941,0.6600320985,59
6,Rectum and anus,32,Argentina,2,0,2009,5.223046606,6.722106959,0.6394870411,59
6,Rectum and anus,32,Argentina,2,0,2010,5.550847033,7.086909129,0.7106508073,63
6,Rectum and anus,32,Argentina,2,0,2011,6.297527578,8.054186779,0.8092080859,72
6,Rectum and anus,32,Argentina,2,0,2012,5.180869627,6.409817188,0.5819685743,58
6,Rectum and anus,32,Argentina,2,0,2013,4.760782146,6.555671858,0.5577660952,60
6,Rectum and anus,32,Argentina,2,0,2014,5.642634692,7.125713786,0.700233107,66
6,Rectum and anus,32,Argentina,2,0,2015,4.996913489,6.823456913,0.6317256402,64
6,Rectum and anus,32,Argentina,2,0,2016,4.344997673,5.900606393,0.549795394,56
6,Rectum and anus,32,Argentina,2,0,2017,4.995648626,6.466733351,0.5530151126,62
6,Rectum and anus,32,Argentina,2,1,1980,2.025710083,2.653853739,0.2122899022,377
6,Rectum and anus,32,Argentina,2,1,1981,2.289871626,2.964151188,0.2564843358,428
6,Rectum and anus,32,Argentina,2,1,1982,2.229988874,2.684491326,0.2283103006,394
6,Rectum and anus,32,Argentina,2,1,1983,2.278085225,2.775393349,0.2367704709,414
6,Rectum and anus,32,Argentina,2,1,1984,2.33558901,2.850007095,0.219942178,432
6,Rectum and anus,32,Argentina,2,1,1985,1.959531127,2.409114687,0.1955951889,371
6,Rectum and anus,32,Argentina,2,1,1986,1.890493503,2.326924223,0.2010228546,364
6,Rectum and anus,32,Argentina,2,1,1987,1.89987909,2.429547298,0.1987441382,386
6,Rectum and anus,32,Argentina,2,1,1988,1.863261913,2.398286099,0.1965709712,387
6,Rectum and anus,32,Argentina,2,1,1989,2.103016779,2.789004998,0.2107813076,457
6,Rectum and anus,32,Argentina,2,1,1990,1.789804537,2.339010816,0.1771174347,389
6,Rectum and anus,32,Argentina,2,1,1991,1.581177926,2.134003126,0.1627420866,360
6,Rectum and anus,32,Argentina,2,1,1992,1.732407739,2.32705746,0.1768407965,398
6,Rectum and anus,32,Argentina,2,1,1993,1.844962975,2.532470132,0.1953381586,439
6,Rectum and anus,32,Argentina,2,1,1994,1.681573311,2.334112025,0.1678976924,410
6,Rectum and anus,32,Argentina,2,1,1995,1.447142259,1.967027228,0.1516307642,350
6,Rectum and anus,32,Argentina,2,1,1996,1.477541841,2.164763659,0.1557693381,390
6,Rectum and anus,32,Argentina,2,1,1997,1.282242637,1.826260741,0.1368497067,333
6,Rectum and anus,32,Argentina,2,1,1998,1.369095714,2.08151517,0.1426229744,384
6,Rectum and anus,32,Argentina,2,1,1999,1.253565672,1.982849318,0.1160726568,370
6,Rectum and anus,32,Argentina,2,1,2000,1.308281032,1.928968747,0.1372383717,364
6,Rectum and anus,32,Argentina,2,1,2001,1.153997043,1.750799805,0.1219221744,334
6,Rectum and anus,32,Argentina,2,1,2002,1.187437878,1.799663437,0.1253306556,347
6,Rectum and anus,32,Argentina,2,1,2003,1.29852765,2.053336283,0.1321280819,400
6,Rectum and anus,32,Argentina,2,1,2004,1.277547068,1.926200793,0.1370321099,379
6,Rectum and anus,32,Argentina,2,1,2005,1.111659954,1.786181856,0.1191298018,355
6,Rectum and anus,32,Argentina,2,1,2006,1.165177065,1.887986555,0.1234281546,379
6,Rectum and anus,32,Argentina,2,1,2007,1.200840868,1.870082276,0.1306366793,379
6,Rectum and anus,32,Argentina,2,1,2008,1.287627084,1.930182042,0.1499819559,395
6,Rectum and anus,32,Argentina,2,1,2009,1.240711455,1.939680437,0.1358561239,401
6,Rectum and anus,32,Argentina,2,1,2010,1.111856367,1.805234279,0.1187468411,377
6,Rectum and anus,32,Argentina,2,1,2011,1.200213153,1.857907033,0.1269285292,392
6,Rectum and anus,32,Argentina,2,1,2012,1.221415329,1.957074045,0.1279055476,417
6,Rectum and anus,32,Argentina,2,1,2013,1.252962742,1.971444647,0.1411018332,424
6,Rectum and anus,32,Argentina,2,1,2014,1.245986248,2.090396239,0.1290892301,454
6,Rectum and anus,32,Argentina,2,1,2015,1.358061082,2.210643817,0.1450866997,485
6,Rectum and anus,32,Argentina,2,1,2016,1.362483959,2.271146029,0.1504425563,503
6,Rectum and anus,32,Argentina,2,1,2017,1.262855692,2.068433727,0.1299610004,462
6,Rectum and anus,32,Argentina,2,1,2018,1.277888481,2.007809491,0.1446165403,452
6,Rectum and anus,32,Argentina,2,1,2019,1.370730031,2.254502741,0.146546289,511
6,Rectum and anus,32,Argentina,2,1,2020,1.225762609,1.936547974,0.144402639,441
6,Rectum and anus,32,Argentina,2,1,2021,1.295825589,2.097733675,0.1472419073,479
6,Rectum and anus,32,Argentina,2,1,2022,1.41557195,2.325096069,0.160940634,532
6,Rectum and anus,40,Austria,1,0,1998,17.96614942,26.99779812,2.215629633,1040
6,Rectum and anus,40,Austria,1,0,1999,17.36265289,26.59119979,2.156195157,1027
6,Rectum and anus,40,Austria,1,0,2000,17.7607154,27.89881171,2.218529903,1081
6,Rectum and anus,40,Austria,1,0,2001,16.03079446,25.52697539,1.996912665,994
6,Rectum and anus,40,Austria,1,0,2002,17.12497824,27.73709217,2.146804234,1087
6,Rectum and anus,40,Austria,1,0,2003,16.88575332,27.63759474,2.105109305,1089
6,Rectum and anus,40,Austria,1,0,2004,16.09098379,26.5392982,1.989667594,1053
6,Rectum and anus,40,Austria,1,0,2005,16.65758269,28.08235758,2.041721243,1123
6,Rectum and anus,40,Austria,1,0,2006,15.96462432,26.87372779,1.996253732,1081
6,Rectum and anus,40,Austria,1,0,2007,15.40211799,26.70598739,1.958182408,1078
6,Rectum and anus,40,Austria,1,0,2008,14.60737852,25.72702931,1.797430227,1042
6,Rectum and anus,40,Austria,1,0,2009,15.03709377,27.30723346,1.80021636,1109
6,Rectum and anus,40,Austria,1,0,2010,13.16367189,24.41196992,1.588070289,994
6,Rectum and anus,40,Austria,1,0,2011,12.45645077,23.07209749,1.522546206,943
6,Rectum and anus,40,Austria,1,0,2012,13.15522611,25.30763991,1.587814304,1040
6,Rectum and anus,40,Austria,1,0,2013,13.11491245,24.7179484,1.589843796,1023
6,Rectum and anus,40,Austria,1,0,2014,12.22000958,24.20658199,1.513461312,1011
6,Rectum and anus,40,Austria,1,0,2015,11.85832239,23.00738979,1.352153346,973
6,Rectum and anus,40,Austria,1,0,2016,11.83022339,23.16558809,1.4247907,995
6,Rectum and anus,40,Austria,1,0,2017,11.11981472,21.64293459,1.374966595,936
6,Rectum and anus,40,Austria,1,1,1981,9.602597648,14.55316206,0.9913108798,521
6,Rectum and anus,40,Austria,1,1,1982,8.695233387,12.91074396,0.9363754756,463
6,Rectum and anus,40,Austria,1,1,1983,9.114531158,13.48111576,1.002358554,483
6,Rectum and anus,40,Austria,1,1,1984,9.279063905,13.86111746,1.006699746,497
6,Rectum and anus,40,Austria,1,1,1985,8.592475343,13.11591363,0.8903061029,471
6,Rectum and anus,40,Austria,1,1,1986,8.522343722,13.06206482,0.9055759177,470
6,Rectum and anus,40,Austria,1,1,1987,8.798002804,13.42401384,0.9857323738,484
6,Rectum and anus,40,Austria,1,1,1988,9.450342399,14.10371708,1.061373845,510
6,Rectum and anus,40,Austria,1,1,1989,8.717199337,13.10650921,0.9762217052,477
6,Rectum and anus,40,Austria,1,1,1990,8.141557619,12.67591573,0.8454044017,466
6,Rectum and anus,40,Austria,1,1,1991,8.338687018,12.65353663,0.9206512949,471
6,Rectum and anus,40,Austria,1,1,1992,8.729395717,13.28660832,0.8868522692,501
6,Rectum and anus,40,Austria,1,1,1993,9.011479663,13.70854118,0.9560514412,522
6,Rectum and anus,40,Austria,1,1,1994,8.288516504,12.64716373,0.9343044721,484
6,Rectum and anus,40,Austria,1,1,1995,7.636642719,11.73390477,0.8353686236,450
6,Rectum and anus,40,Austria,1,1,1996,8.553384975,13.09417248,0.9162129384,503
6,Rectum and anus,40,Austria,1,1,1997,6.791728288,10.78777254,0.7336271743,415
6,Rectum and anus,40,Austria,1,1,1998,7.065200478,11.39421895,0.7606906967,439
6,Rectum and anus,40,Austria,1,1,1999,6.961292125,11.20950566,0.7853439073,433
6,Rectum and anus,40,Austria,1,1,2000,6.565860247,11.12180284,0.7007097174,431
6,Rectum and anus,40,Austria,1,1,2001,6.459604027,10.93987243,0.7281215815,426
6,Rectum and anus,40,Austria,1,1,2002,6.789979594,11.58707444,0.7942467789,454
6,Rectum and anus,40,Austria,1,1,2003,6.773244697,11.67056827,0.7916585894,460
6,Rectum and anus,40,Austria,1,1,2004,5.792582669,10.2033631,0.6501723027,405
6,Rectum and anus,40,Austria,1,1,2005,5.749314083,10.49976769,0.6547997341,420
6,Rectum and anus,40,Austria,1,1,2006,6.237881156,11.38559595,0.7078610587,458
6,Rectum and anus,40,Austria,1,1,2007,5.572294676,10.67687551,0.6102927884,431
6,Rectum and anus,40,Austria,1,1,2008,4.962434813,9.530091201,0.5757295337,386
6,Rectum and anus,40,Austria,1,1,2009,5.111238261,9.945261674,0.5816998598,404
6,Rectum and anus,40,Austria,1,1,2010,4.472707001,8.93648906,0.4890589178,364
6,Rectum and anus,40,Austria,1,1,2011,4.622179442,9.733158609,0.4904813161,398
6,Rectum and anus,40,Austria,1,1,2012,4.610968911,9.826098726,0.5018035036,404
6,Rectum and anus,40,Austria,1,1,2013,4.825811563,10.99006872,0.4953529757,455
6,Rectum and anus,40,Austria,1,1,2014,4.711996065,10.41054897,0.5121511136,435
6,Rectum and anus,40,Austria,1,1,2015,3.897089088,8.803299939,0.4373189982,373
6,Rectum and anus,40,Austria,1,1,2016,4.319561996,9.853026848,0.4495131108,423
6,Rectum and anus,40,Austria,1,1,2017,4.409625726,9.708530273,0.4994767346,420
6,Rectum and anus,40,Austria,1,1,2018,4.245711145,9.819712832,0.4565451386,427
6,Rectum and anus,40,Austria,1,1,2019,4.589930245,10.96489095,0.4946058725,479
6,Rectum and anus,40,Austria,1,1,2020,4.243812884,10.36663602,0.4683625664,455
6,Rectum and anus,40,Austria,1,1,2021,4.338620876,10.22213075,0.4974597488,451
6,Rectum and anus,40,Austria,1,1,2022,3.899482338,9.617330025,0.4494482728,429
6,Rectum and anus,40,Austria,1,1,2023,3.973489169,9.924266277,0.4354531008,446
6,Rectum and anus,40,Austria,2,0,1998,9.128111952,20.87463509,1.012843233,861
6,Rectum and anus,40,Austria,2,0,1999,9.1629355,19.80560964,1.053920379,818
6,Rectum and anus,40,Austria,2,0,2000,9.853508492,21.56230503,1.136981053,892
6,Rectum and anus,40,Austria,2,0,2001,9.070672197,20.08016155,0.9927606904,833
6,Rectum and anus,40,Austria,2,0,2002,8.676374789,19.624417,0.9881533508,817
6,Rectum and anus,40,Austria,2,0,2003,9.371650009,20.03370066,1.036754651,837
6,Rectum and anus,40,Austria,2,0,2004,8.456728659,18.58753754,0.9514675262,781
6,Rectum and anus,40,Austria,2,0,2005,8.958569317,19.80443534,1.033527096,837
6,Rectum and anus,40,Austria,2,0,2006,8.501536562,18.41979803,0.990340917,782
6,Rectum and anus,40,Austria,2,0,2007,8.063701127,17.84606873,0.913479339,760
6,Rectum and anus,40,Austria,2,0,2008,8.670691434,18.68272288,0.9950466287,798
6,Rectum and anus,40,Austria,2,0,2009,7.260017407,16.02695893,0.8264667216,686
6,Rectum and anus,40,Austria,2,0,2010,8.086416498,17.88172232,0.9409869691,767
6,Rectum and anus,40,Austria,2,0,2011,6.967285287,15.46027685,0.8109209402,665
6,Rectum and anus,40,Austria,2,0,2012,7.522982713,16.81770167,0.8534979541,726
6,Rectum and anus,40,Austria,2,0,2013,7.275968206,16.38801283,0.8488440832,711
6,Rectum and anus,40,Austria,2,0,2014,7.171534917,16.21108481,0.8614045265,708
6,Rectum and anus,40,Austria,2,0,2015,7.226849776,15.72568944,0.8436915594,692
6,Rectum and anus,40,Austria,2,0,2016,6.531285443,14.51185495,0.7678453952,645
6,Rectum and anus,40,Austria,2,0,2017,6.468141899,14.71925153,0.7589559111,658
6,Rectum and anus,40,Austria,2,1,1981,5.171721563,12.18784937,0.5968363197,486
6,Rectum and anus,40,Austria,2,1,1982,5.530993766,12.76675367,0.609103675,509
6,Rectum and anus,40,Austria,2,1,1983,5.563234085,12.7439015,0.6021393062,507
6,Rectum and anus,40,Austria,2,1,1984,4.984579649,11.89893702,0.5305292497,473
6,Rectum and anus,40,Austria,2,1,1985,4.734941692,11.30056831,0.5151202621,449
6,Rectum and anus,40,Austria,2,1,1986,4.741724262,11.88560907,0.4726678346,472
6,Rectum and anus,40,Austria,2,1,1987,4.991948144,12.3461876,0.5341780921,490
6,Rectum and anus,40,Austria,2,1,1988,5.24658554,12.69753612,0.5647103475,504
6,Rectum and anus,40,Austria,2,1,1989,4.591878608,11.655382,0.4879012633,464
6,Rectum and anus,40,Austria,2,1,1990,4.804013052,11.89000793,0.5190553749,476
6,Rectum and anus,40,Austria,2,1,1991,4.553312999,11.57413001,0.469886948,467
6,Rectum and anus,40,Austria,2,1,1992,4.624272554,12.00884676,0.4900101754,489
6,Rectum and anus,40,Austria,2,1,1993,4.509127406,11.26925332,0.4574540191,462
6,Rectum and anus,40,Austria,2,1,1994,3.687047175,9.559229521,0.388140626,393
6,Rectum and anus,40,Austria,2,1,1995,4.003358619,9.938567986,0.4515951005,409
6,Rectum and anus,40,Austria,2,1,1996,3.746083968,9.612791421,0.3601524159,396
6,Rectum and anus,40,Austria,2,1,1997,3.679878692,10.40540955,0.3689670726,429
6,Rectum and anus,40,Austria,2,1,1998,3.817275831,10.08329749,0.3919562763,416
6,Rectum and anus,40,Austria,2,1,1999,3.40072796,9.367966083,0.3380029926,387
6,Rectum and anus,40,Austria,2,1,2000,3.64105289,9.425624212,0.3980448046,390
6,Rectum and anus,40,Austria,2,1,2001,3.081630754,8.630207655,0.3186679399,358
6,Rectum and anus,40,Austria,2,1,2002,3.128595384,8.286342366,0.3214888955,345
6,Rectum and anus,40,Austria,2,1,2003,3.280196613,8.969010991,0.3177753062,375
6,Rectum and anus,40,Austria,2,1,2004,3.128742698,8.515270937,0.30958063,358
6,Rectum and anus,40,Austria,2,1,2005,2.804428055,8.063150786,0.27598438,341
6,Rectum and anus,40,Austria,2,1,2006,2.681252205,7.910960259,0.267552906,336
6,Rectum and anus,40,Austria,2,1,2007,2.875685896,8.074756281,0.2687061301,344
6,Rectum and anus,40,Austria,2,1,2008,2.447060119,7.348597822,0.236209578,314
6,Rectum and anus,40,Austria,2,1,2009,2.341925163,6.747875441,0.2334845005,289
6,Rectum and anus,40,Austria,2,1,2010,2.513386934,7.386000175,0.2536495211,317
6,Rectum and anus,40,Austria,2,1,2011,2.361680182,7.086175209,0.242359661,305
6,Rectum and anus,40,Austria,2,1,2012,2.483647608,7.384085767,0.2592560354,319
6,Rectum and anus,40,Austria,2,1,2013,2.310993896,7.0485718,0.2423366161,306
6,Rectum and anus,40,Austria,2,1,2014,2.302469754,7.209288035,0.2364576071,315
6,Rectum and anus,40,Austria,2,1,2015,2.016582012,5.808952185,0.2342085875,256
6,Rectum and anus,40,Austria,2,1,2016,2.03971533,6.119484969,0.2030692778,272
6,Rectum and anus,40,Austria,2,1,2017,1.998418336,6.394369378,0.2021664204,286
6,Rectum and anus,40,Austria,2,1,2018,2.259559372,7.344342503,0.2080558221,330
6,Rectum and anus,40,Austria,2,1,2019,2.059024296,6.581881543,0.2163553387,297
6,Rectum and anus,40,Austria,2,1,2020,2.281799554,6.994203526,0.2235838505,317
6,Rectum and anus,40,Austria,2,1,2021,2.099004427,6.542174358,0.2247360988,298
6,Rectum and anus,40,Austria,2,1,2022,2.088235676,6.689864714,0.2140832053,308
6,Rectum and anus,40,Austria,2,1,2023,2.101058096,6.621525263,0.2271848067,307
6,Rectum and anus,48,Bahrain,1,0,1998,5.917892758,3.131899967,0.7974675331,6
6,Rectum and anus,48,Bahrain,1,0,1999,6.497377529,4.0776798,0.6290628077,8
6,Rectum and anus,48,Bahrain,1,0,2000,3.887536506,1.991010587,0.6263579436,4
6,Rectum and anus,48,Bahrain,1,0,2001,6.471705792,3.887609218,0.9632642792,8
6,Rectum and anus,48,Bahrain,1,0,2002,6.078219044,3.794832387,0.6521744299,8
6,Rectum and anus,48,Bahrain,1,0,2003,6.897032083,4.169620148,0.6341965578,9
6,Rectum and anus,48,Bahrain,1,0,2004,9.339026941,5.429397473,1.114553853,12
6,Rectum and anus,48,Bahrain,1,0,2005,7.913565608,4.863211134,0.9933766713,11
6,Rectum and anus,48,Bahrain,1,0,2006,5.148893684,3.455842966,0.5808278232,8
6,Rectum and anus,48,Bahrain,1,0,2007,4.844905907,3.378124765,0.5132806616,9
6,Rectum and anus,48,Bahrain,1,0,2008,5.670600693,4.04889594,0.6271811077,11
6,Rectum and anus,48,Bahrain,1,0,2009,6.577585934,4.964345362,0.6031016139,14
6,Rectum and anus,48,Bahrain,1,0,2010,7.099367858,4.873989953,0.787005926,14
6,Rectum and anus,48,Bahrain,1,0,2011,8.5715875,5.745611367,1.033811344,17
6,Rectum and anus,48,Bahrain,1,0,2012,7.931362885,5.239820012,1.248339975,16
6,Rectum and anus,48,Bahrain,1,0,2013,12.02706006,8.627714135,1.113335674,27
6,Rectum and anus,48,Bahrain,1,0,2014,6.424372084,4.6752421,0.8588788531,15
6,Rectum and anus,48,Bahrain,1,0,2015,8.628446495,6.689227607,1.115242296,22
6,Rectum and anus,48,Bahrain,1,0,2016,8.25648914,5.937642875,1.061675351,20
6,Rectum and anus,48,Bahrain,1,0,2017,6.84345172,5.533873129,0.8578662042,19
6,Rectum and anus,48,Bahrain,2,0,1998,3.745308288,2.661584814,0.3274931302,5
6,Rectum and anus,48,Bahrain,2,0,1999,1.496118284,1.038831522,0.2729042248,2
6,Rectum and anus,48,Bahrain,2,0,2000,3.942442397,2.533980681,0.2199656695,5
6,Rectum and anus,48,Bahrain,2,0,2001,1.320281014,0.9891930658,0.1479395845,2
6,Rectum and anus,48,Bahrain,2,0,2002,2.185320524,1.448400724,0.1487656296,3
6,Rectum and anus,48,Bahrain,2,0,2003,2.940172643,1.918106445,0.3998307295,4
6,Rectum and anus,48,Bahrain,2,0,2004,6.173140348,3.683444758,0.6946231964,8
6,Rectum and anus,48,Bahrain,2,0,2005,1.81038122,1.349509453,0.1863952541,3
6,Rectum and anus,48,Bahrain,2,0,2006,0.8655510675,0.4395218003,0.1441545087,1
6,Rectum and anus,48,Bahrain,2,0,2007,5.056885334,3.831212119,0.5593121261,10
6,Rectum and anus,48,Bahrain,2,0,2008,2.879030712,2.255308432,0.3806261829,6
6,Rectum and anus,48,Bahrain,2,0,2009,1.652258918,1.449275362,0.1833218011,4
6,Rectum and anus,48,Bahrain,2,0,2010,3.442837647,2.489685588,0.3164667909,7
6,Rectum and anus,48,Bahrain,2,0,2011,4.410524813,2.769987189,0.5759320813,8
6,Rectum and anus,48,Bahrain,2,0,2012,6.726812062,5.776909353,0.6677081518,17
6,Rectum and anus,48,Bahrain,2,0,2013,6.644287587,4.968779502,0.7351888056,15
6,Rectum and anus,48,Bahrain,2,0,2014,6.707785957,4.840192962,0.9440358665,15
6,Rectum and anus,48,Bahrain,2,0,2015,4.865923603,4.07589952,0.6218970189,13
6,Rectum and anus,48,Bahrain,2,0,2016,5.824285705,4.574942127,0.7227497645,15
6,Rectum and anus,48,Bahrain,2,0,2017,5.013445927,4.189534543,0.6596027293,14
6,Rectum and anus,752,Sweden,1,0,1960,9.948122288,14.64936988,1.213088131,547
6,Rectum and anus,752,Sweden,1,0,1961,9.992429085,15.06030519,1.145968398,565
6,Rectum and anus,752,Sweden,1,0,1962,9.450196943,14.47258175,1.149184756,546
6,Rectum and anus,752,Sweden,1,0,1963,10.05168802,15.63001617,1.190591064,593
6,Rectum and anus,752,Sweden,1,0,1964,10.65922836,16.50405422,1.263207245,631
6,Rectum and anus,752,Sweden,1,0,1965,10.84801724,17.03917197,1.266611103,658
6,Rectum and anus,752,Sweden,1,0,1966,10.56363363,16.56059511,1.231799967,646
6,Rectum and anus,752,Sweden,1,0,1967,10.61421993,16.84177534,1.236079975,662
6,Rectum and anus,752,Sweden,1,0,1968,10.04529437,15.99726224,1.19758696,632
6,Rectum and anus,752,Sweden,1,0,1969,10.51992613,17.04449039,1.247720241,678
6,Rectum and anus,752,Sweden,1,0,1970,10.22518411,16.83202806,1.15171636,676
6,Rectum and anus,752,Sweden,1,0,1971,10.98641524,18.01010595,1.268478607,728
6,Rectum and anus,752,Sweden,1,0,1972,10.88990418,18.12368949,1.286100878,734
6,Rectum and anus,752,Sweden,1,0,1973,10.28026643,17.54289002,1.163959607,711
6,Rectum and anus,752,Sweden,1,0,1974,10.67801362,18.46757082,1.261635755,750
6,Rectum and anus,752,Sweden,1,0,1975,11.61458501,19.85500691,1.393609182,809
6,Rectum and anus,752,Sweden,1,0,1976,11.66993705,20.30865734,1.337034998,830
6,Rectum and anus,752,Sweden,1,0,1977,11.51316907,19.93366506,1.308339882,817
6,Rectum and anus,752,Sweden,1,0,1978,11.20606754,19.84389792,1.314187471,815
6,Rectum and anus,752,Sweden,1,0,1979,11.39350964,20.42544748,1.299313065,840
6,Rectum and anus,752,Sweden,1,0,1980,12.10155398,21.66270488,1.412653207,892
6,Rectum and anus,752,Sweden,1,0,1981,11.76451565,20.80487936,1.437905447,857
6,Rectum and anus,752,Sweden,1,0,1982,11.44852907,21.80673406,1.336466353,898
6,Rectum and anus,752,Sweden,1,0,1983,11.74539342,21.71614904,1.415069878,894
6,Rectum and anus,752,Sweden,1,0,1984,11.83838086,21.63488855,1.425955427,891
6,Rectum and anus,752,Sweden,1,0,1985,12.00911437,22.72156864,1.403098219,937
6,Rectum and anus,752,Sweden,1,0,1986,11.94735968,22.55393282,1.431939581,932
6,Rectum and anus,752,Sweden,1,0,1987,12.0119492,22.89475602,1.385185941,949
6,Rectum and anus,752,Sweden,1,0,1988,12.07243796,22.47711765,1.442056016,936
6,Rectum and anus,752,Sweden,1,0,1989,12.1880556,22.67534227,1.457873703,951
6,Rectum and anus,752,Sweden,1,0,1990,12.1364999,22.98931044,1.455600389,972
6,Rectum and anus,752,Sweden,1,0,1991,11.57113123,21.51585796,1.426363687,916
6,Rectum and anus,752,Sweden,1,0,1992,12.67279844,23.81724607,1.500638735,1020
6,Rectum and anus,752,Sweden,1,0,1993,12.7384173,23.81740546,1.538349389,1026
6,Rectum and anus,752,Sweden,1,0,1994,13.03525208,24.20130507,1.546498867,1050
6,Rectum and anus,752,Sweden,1,0,1995,12.22488375,22.72327046,1.498093868,991
6,Rectum and anus,752,Sweden,1,0,1996,12.45023646,23.42088195,1.491814414,1023
6,Rectum and anus,752,Sweden,1,0,1997,12.2948888,23.42810352,1.528646653,1024
6,Rectum and anus,752,Sweden,1,0,1998,12.10386396,23.1150595,1.449601912,1011
6,Rectum and anus,752,Sweden,1,0,1999,12.35998648,23.87003372,1.477260254,1045
6,Rectum and anus,752,Sweden,1,0,2000,12.72195877,23.96021009,1.573943655,1051
6,Rectum and anus,752,Sweden,1,0,2001,12.45944071,24.13306179,1.551893814,1062
6,Rectum and anus,752,Sweden,1,0,2002,13.04910511,25.30682259,1.59652215,1118
6,Rectum and anus,752,Sweden,1,0,2003,13.04520405,25.28800035,1.601260733,1122
6,Rectum and anus,752,Sweden,1,0,2004,13.24051194,26.18653971,1.580589958,1167
6,Rectum and anus,752,Sweden,1,0,2005,12.66380916,24.86352983,1.558602065,1113
6,Rectum and anus,752,Sweden,1,0,2006,13.8999631,27.3471429,1.688930156,1232
6,Rectum and anus,752,Sweden,1,0,2007,12.68665789,25.50770007,1.570914308,1159
6,Rectum and anus,752,Sweden,1,0,2008,12.8059304,25.45910933,1.620428163,1167
6,Rectum and anus,752,Sweden,1,0,2009,13.32845367,26.84611341,1.633913681,1242
6,Rectum and anus,752,Sweden,1,0,2010,12.69762299,25.82642969,1.530716249,1206
6,Rectum and anus,752,Sweden,1,0,2011,12.49207662,25.57054817,1.527085985,1204
6,Rectum and anus,752,Sweden,1,0,2012,12.8660543,26.4622946,1.55064743,1256
6,Rectum and anus,752,Sweden,1,0,2013,13.40213628,27.1182223,1.612987045,1299
6,Rectum and anus,752,Sweden,1,0,2014,12.13060413,25.47847502,1.440925605,1234
6,Rectum and anus,752,Sweden,1,0,2015,13.18062874,27.35837451,1.638860487,1341
6,Rectum and anus,752,Sweden,1,0,2016,13.22039122,27.75453168,1.600001684,1380
6,Rectum and anus,752,Sweden,1,0,2017,13.0279667,27.61484228,1.587260428,1394
6,Rectum and anus,752,Sweden,1,0,2018,11.73775013,24.80168917,1.453412596,1268
6,Rectum and anus,752,Sweden,1,0,2019,13.11758983,27.81898392,1.55923733,1438
6,Rectum and anus,752,Sweden,1,0,2020,11.92693557,25.08956996,1.45821347,1307
6,Rectum and anus,752,Sweden,1,0,2021,12.41750528,26.59400944,1.513127543,1394
6,Rectum and anus,752,Sweden,1,0,2022,12.50952144,27.19944237,1.477344077,1436
6,Rectum and anus,752,Sweden,1,1,1988,5.243738197,10.49421257,0.5952532545,437
6,Rectum and anus,752,Sweden,1,1,1989,5.195968962,10.30092041,0.5645361293,432
6,Rectum and anus,752,Sweden,1,1,1990,5.899928085,11.68428771,0.6807224543,494
6,Rectum and anus,752,Sweden,1,1,1991,5.570931348,10.95104928,0.6109154899,466
6,Rectum and anus,752,Sweden,1,1,1992,4.787106588,9.806897518,0.5488397102,420
6,Rectum and anus,752,Sweden,1,1,1993,5.461696514,10.60841709,0.5945998731,457
6,Rectum and anus,752,Sweden,1,1,1994,4.652494373,9.288068404,0.5346853075,403
6,Rectum and anus,752,Sweden,1,1,1995,5.26846798,10.68513253,0.5915875547,466
6,Rectum and anus,752,Sweden,1,1,1996,5.424238834,10.53113553,0.6298164388,460
6,Rectum and anus,752,Sweden,1,1,1997,4.703058723,9.449071108,0.5235257065,413
6,Rectum and anus,752,Sweden,1,1,1998,4.756973139,9.693644262,0.524295085,424
6,Rectum and anus,752,Sweden,1,1,1999,4.211874432,8.657017861,0.4979801064,379
6,Rectum and anus,752,Sweden,1,1,2000,4.823328421,10.09911725,0.5429850716,443
6,Rectum and anus,752,Sweden,1,1,2001,4.35524439,9.453084523,0.4858303322,416
6,Rectum and anus,752,Sweden,1,1,2002,4.552679372,9.710768495,0.4878841807,429
6,Rectum and anus,752,Sweden,1,1,2003,4.941657293,10.36764223,0.565902984,460
6,Rectum and anus,752,Sweden,1,1,2004,4.113150879,9.155200507,0.4590656413,408
6,Rectum and anus,752,Sweden,1,1,2005,4.615857124,9.918617077,0.5021850161,444
6,Rectum and anus,752,Sweden,1,1,2006,4.634852303,10.14420194,0.5212313015,457
6,Rectum and anus,752,Sweden,1,1,2007,4.496894695,9.903759665,0.496271141,450
6,Rectum and anus,752,Sweden,1,1,2008,4.771224776,10.64613766,0.5147571313,488
6,Rectum and anus,752,Sweden,1,1,2009,4.554320064,10.09431156,0.5357174116,467
6,Rectum and anus,752,Sweden,1,1,2010,4.476121066,10.06503943,0.5167138146,470
6,Rectum and anus,752,Sweden,1,1,2011,4.645376452,10.38537383,0.5186397453,489
6,Rectum and anus,752,Sweden,1,1,2012,4.485161025,10.34473241,0.468376467,491
6,Rectum and anus,752,Sweden,1,1,2013,4.571854656,10.70951922,0.4861724892,513
6,Rectum and anus,752,Sweden,1,1,2014,4.41519132,10.53001379,0.479776193,510
6,Rectum and anus,752,Sweden,1,1,2015,4.604606255,10.98424968,0.4789510665,532
6,Rectum and anus,752,Sweden,1,1,2016,4.181887002,10.33756681,0.4581610867,514
6,Rectum and anus,752,Sweden,1,1,2017,4.145506798,10.06338247,0.4608973419,508
6,Rectum and anus,752,Sweden,1,1,2018,3.964914782,9.955892852,0.4220519864,509
6,Rectum and anus,752,Sweden,1,1,2019,3.955424525,9.653469465,0.4172431346,499
6,Rectum and anus,752,Sweden,1,1,2020,4.088122763,10.05887417,0.4567002202,524
6,Rectum and anus,752,Sweden,1,1,2021,3.810798289,9.863067429,0.3689927865,517
6,Rectum and anus,752,Sweden,1,1,2022,3.563557708,9.015978834,0.3846050191,476
6,Rectum and anus,752,Sweden,1,1,2023,3.442827301,9.593959688,0.3550777433,509
6,Rectum and anus,752,Sweden,2,0,1960,5.51073292,8.878302469,0.6299154806,333
6,Rectum and anus,752,Sweden,2,0,1961,6.292662052,10.2960868,0.7120352657,388
6,Rectum and anus,752,Sweden,2,0,1962,6.321099255,10.58341539,0.6941096824,401
6,Rectum and anus,752,Sweden,2,0,1963,6.538695654,10.91761791,0.7897050441,416
6,Rectum and anus,752,Sweden,2,0,1964,7.551442737,12.81897625,0.8755263452,492
6,Rectum and anus,752,Sweden,2,0,1965,6.950242706,12.03458316,0.8057614616,466
6,Rectum and anus,752,Sweden,2,0,1966,6.809494658,11.8761745,0.7831781932,464
6,Rectum and anus,752,Sweden,2,0,1967,7.00195432,12.19127811,0.8160885851,480
6,Rectum and anus,752,Sweden,2,0,1968,6.715682951,12.26864082,0.798215624,486
6,Rectum and anus,752,Sweden,2,0,1969,6.745885444,12.38122235,0.8354246113,494
6,Rectum and anus,752,Sweden,2,0,1970,6.827007541,12.66589529,0.7448329389,510
6,Rectum and anus,752,Sweden,2,0,1971,7.041152541,13.41226517,0.8371421724,544
6,Rectum and anus,752,Sweden,2,0,1972,7.238374191,13.57985643,0.8082441268,553
6,Rectum and anus,752,Sweden,2,0,1973,7.410491976,14.32466899,0.8342945741,585
6,Rectum and anus,752,Sweden,2,0,1974,7.461931552,14.8314496,0.8314348529,608
6,Rectum and anus,752,Sweden,2,0,1975,7.063751685,13.93869016,0.8204248596,574
6,Rectum and anus,752,Sweden,2,0,1976,6.88413905,13.7109097,0.801292561,567
6,Rectum and anus,752,Sweden,2,0,1977,6.799000251,14.08598906,0.8120602532,585
6,Rectum and anus,752,Sweden,2,0,1978,6.993414898,14.89662677,0.8066758487,621
6,Rectum and anus,752,Sweden,2,0,1979,8.031347225,16.86113172,0.92070258,705
6,Rectum and anus,752,Sweden,2,0,1980,8.207892064,17.36307794,0.9293936651,728
6,Rectum and anus,752,Sweden,2,0,1981,7.931294455,16.70924111,0.9075034915,702
6,Rectum and anus,752,Sweden,2,0,1982,8.026692286,17.16075948,0.9392699448,722
6,Rectum and anus,752,Sweden,2,0,1983,8.32850362,17.92375921,0.9567680269,755
6,Rectum and anus,752,Sweden,2,0,1984,8.814848005,18.46733889,1.030523747,779
6,Rectum and anus,752,Sweden,2,0,1985,8.492894039,18.45474187,0.9683938581,780
6,Rectum and anus,752,Sweden,2,0,1986,8.303183854,18.00581047,0.9934863329,763
6,Rectum and anus,752,Sweden,2,0,1987,8.236797746,18.15292997,0.9682516893,772
6,Rectum and anus,752,Sweden,2,0,1988,7.667995573,17.25083083,0.9020544439,737
6,Rectum and anus,752,Sweden,2,0,1989,8.417433026,18.74860287,0.9417581694,806
6,Rectum and anus,752,Sweden,2,0,1990,8.158458197,18.35693219,0.9745309808,795
6,Rectum and anus,752,Sweden,2,0,1991,8.409396702,18.85296021,0.9965392888,822
6,Rectum and anus,752,Sweden,2,0,1992,8.88054826,20.31710185,1.053387078,891
6,Rectum and anus,752,Sweden,2,0,1993,8.432222267,18.79478924,1.010297878,829
6,Rectum and anus,752,Sweden,2,0,1994,8.38458544,18.3244765,1.005222035,814
6,Rectum and anus,752,Sweden,2,0,1995,8.142947079,18.20510231,0.9539895985,813
6,Rectum and anus,752,Sweden,2,0,1996,8.48095379,19.11422235,1.030651617,855
6,Rectum and anus,752,Sweden,2,0,1997,8.171480812,17.92077453,1.025892979,802
6,Rectum and anus,752,Sweden,2,0,1998,8.397159897,18.33730455,1.007413821,821
6,Rectum and anus,752,Sweden,2,0,1999,8.027540889,18.95084633,0.9766271923,849
6,Rectum and anus,752,Sweden,2,0,2000,8.501344655,19.68486383,1.002110998,883
6,Rectum and anus,752,Sweden,2,0,2001,7.838085232,18.32999508,0.962775727,824
6,Rectum and anus,752,Sweden,2,0,2002,8.665379629,19.23594046,1.065096803,867
6,Rectum and anus,752,Sweden,2,0,2003,9.068662949,20.34789144,1.075649047,920
6,Rectum and anus,752,Sweden,2,0,2004,8.430667616,19.35177718,0.9814147747,878
6,Rectum and anus,752,Sweden,2,0,2005,9.28162928,21.01842967,1.102680657,957
6,Rectum and anus,752,Sweden,2,0,2006,8.258903196,18.20577199,0.9883872099,833
6,Rectum and anus,752,Sweden,2,0,2007,9.218175115,20.61082761,1.109721588,949
6,Rectum and anus,752,Sweden,2,0,2008,8.862760711,19.32772729,1.051074645,896
6,Rectum and anus,752,Sweden,2,0,2009,8.614812773,18.96340384,1.028909661,886
6,Rectum and anus,752,Sweden,2,0,2010,8.888829861,19.4966467,1.065768963,918
6,Rectum and anus,752,Sweden,2,0,2011,8.830836608,19.49087473,1.063280877,924
6,Rectum and anus,752,Sweden,2,0,2012,8.666411813,19.21219926,1.024717386,917
6,Rectum and anus,752,Sweden,2,0,2013,8.69036335,19.77027399,1.031345712,951
6,Rectum and anus,752,Sweden,2,0,2014,8.479565261,19.1229175,1.007767908,928
6,Rectum and anus,752,Sweden,2,0,2015,8.54600346,19.54022284,1.036097681,957
6,Rectum and anus,752,Sweden,2,0,2016,9.169475378,20.13761444,1.10201777,997
6,Rectum and anus,752,Sweden,2,0,2017,9.485553978,20.28065958,1.145869262,1016
6,Rectum and anus,752,Sweden,2,0,2018,8.633099876,19.12034937,1.050659321,968
6,Rectum and anus,752,Sweden,2,0,2019,8.943022476,19.98134944,1.04899289,1021
6,Rectum and anus,752,Sweden,2,0,2020,8.675728289,19.34248385,1.019248863,995
6,Rectum and anus,752,Sweden,2,0,2021,9.284036485,20.77681717,1.153561691,1075
6,Rectum and anus,752,Sweden,2,0,2022,8.170053692,18.39678721,0.9496166887,958
6,Rectum and anus,752,Sweden,2,1,1988,3.050989386,8.332553132,0.3056802973,356
6,Rectum and anus,752,Sweden,2,1,1989,3.302828197,8.164499546,0.3597717339,351
6,Rectum and anus,752,Sweden,2,1,1990,3.41516672,9.121137949,0.3519721427,395
6,Rectum and anus,752,Sweden,2,1,1991,3.317552783,8.696051213,0.3607120531,379
6,Rectum and anus,752,Sweden,2,1,1992,3.188634251,8.208682962,0.3560095036,360
6,Rectum and anus,752,Sweden,2,1,1993,3.063836498,8.501859073,0.34100587,375
6,Rectum and anus,752,Sweden,2,1,1994,3.277038121,8.621465874,0.3688325351,383
6,Rectum and anus,752,Sweden,2,1,1995,3.23143538,8.509113709,0.3539791609,380
6,Rectum and anus,752,Sweden,2,1,1996,3.093252374,8.294024278,0.335114828,371
6,Rectum and anus,752,Sweden,2,1,1997,2.791107399,7.105351357,0.350222296,318
6,Rectum and anus,752,Sweden,2,1,1998,2.752606559,7.303671938,0.2995190536,327
6,Rectum and anus,752,Sweden,2,1,1999,2.785160059,7.566795384,0.3190760228,339
6,Rectum and anus,752,Sweden,2,1,2000,2.803802663,8.181423398,0.3018571507,367
6,Rectum and anus,752,Sweden,2,1,2001,2.670631452,8.052591878,0.2883056273,362
6,Rectum and anus,752,Sweden,2,1,2002,2.824702606,7.765384225,0.3251157323,350
6,Rectum and anus,752,Sweden,2,1,2003,2.54846398,7.519882071,0.2753675161,340
6,Rectum and anus,752,Sweden,2,1,2004,2.83000914,8.133042469,0.2849703434,369
6,Rectum and anus,752,Sweden,2,1,2005,2.856467614,7.621111709,0.3316783786,347
6,Rectum and anus,752,Sweden,2,1,2006,3.136724961,8.654852356,0.3578651834,396
6,Rectum and anus,752,Sweden,2,1,2007,2.812795012,8.014113527,0.2944165185,369
6,Rectum and anus,752,Sweden,2,1,2008,2.790823222,8.002887079,0.3104260059,371
6,Rectum and anus,752,Sweden,2,1,2009,2.855414653,7.940656117,0.3247631954,371
6,Rectum and anus,752,Sweden,2,1,2010,2.3963166,7.029844131,0.2468741925,331
6,Rectum and anus,752,Sweden,2,1,2011,2.724059387,7.720409789,0.3079514231,366
6,Rectum and anus,752,Sweden,2,1,2012,2.874186447,8.045237701,0.3096239548,384
6,Rectum and anus,752,Sweden,2,1,2013,2.783822579,8.066113022,0.2846250802,388
6,Rectum and anus,752,Sweden,2,1,2014,2.826737988,7.603840331,0.2987678348,369
6,Rectum and anus,752,Sweden,2,1,2015,2.59239535,7.809906465,0.2828252417,379
6,Rectum and anus,752,Sweden,2,1,2016,2.8208575,8.261076685,0.3057823507,409
6,Rectum and anus,752,Sweden,2,1,2017,2.536581347,7.525411238,0.2747752503,377
6,Rectum and anus,752,Sweden,2,1,2018,2.2911643,6.518308001,0.2540519387,330
6,Rectum and anus,752,Sweden,2,1,2019,2.521478395,7.143191237,0.2690048102,365
6,Rectum and anus,752,Sweden,2,1,2020,2.721519763,7.853640031,0.3026717227,404
6,Rectum and anus,752,Sweden,2,1,2021,2.365550443,7.22840314,0.2445546312,374
6,Rectum and anus,752,Sweden,2,1,2022,2.716121204,7.73894893,0.2833021593,403
6,Rectum and anus,752,Sweden,2,1,2023,2.320270024,6.862657014,0.2527558639,359
6,Rectum and anus,84,Belize,1,1,1982,0,0,0,0
6,Rectum and anus,84,Belize,1,1,1983,1.658374793,1.263391955,0,1
6,Rectum and anus,84,Belize,1,1,1984,1.602564103,1.233836739,0,1
6,Rectum and anus,84,Belize,1,1,1985,0,0,0,0
6,Rectum and anus,84,Belize,1,1,1986,4.578687657,2.357378595,0.9373292605,2
6,Rectum and anus,84,Belize,1,1,1987,2.150537634,1.152764329,0.5361917414,1
6,Rectum and anus,84,Belize,1,1,1988,2.127659574,1.127370296,0.5305027313,1
6,Rectum and anus,84,Belize,1,1,1989,2.103049422,1.103022281,0.5243826442,1
6,Rectum and anus,84,Belize,1,1,1990,0,0,0,0
6,Rectum and anus,84,Belize,1,1,1991,0,0,0,0
6,Rectum and anus,84,Belize,1,1,1992,0,0,0,0
6,Rectum and anus,84,Belize,1,1,1993,0,0,0,0
6,Rectum and anus,84,Belize,1,1,1994,4.076791269,1.984678284,0.5957832602,2
6,Rectum and anus,84,Belize,1,1,1995,2.049180328,0.9679605072,0.5109850887,1
6,Rectum and anus,84,Belize,1,1,1996,0,0,0,0
6,Rectum and anus,84,Belize,1,1,1997,0,0,0,0
6,Rectum and anus,84,Belize,1,1,1998,0,0,0,0
6,Rectum and anus,84,Belize,1,1,1999,3.590750688,1.696899764,0.4478380375,2
6,Rectum and anus,84,Belize,1,1,2000,0,0,0,0
6,Rectum and anus,84,Belize,1,1,2001,0.7886435331,0.7968508455,0.06569870337,1
6,Rectum and anus,84,Belize,1,1,2002,0,0,0,0
6,Rectum and anus,84,Belize,1,1,2003,1.984126984,0.7521285237,0,1
6,Rectum and anus,84,Belize,1,1,2004,0,0,0,0
6,Rectum and anus,84,Belize,1,1,2005,0,0,0,0
6,Rectum and anus,84,Belize,1,1,2006,0,0,0,0
6,Rectum and anus,84,Belize,1,1,2007,0,0,0,0
6,Rectum and anus,84,Belize,1,1,2008,0,0,0,0
6,Rectum and anus,84,Belize,1,1,2009,0,0,0,0
6,Rectum and anus,84,Belize,1,1,2010,0.846310088,0.6235774639,0.08459520686,1
6,Rectum and anus,84,Belize,1,1,2011,0.6281407035,0.6094848025,0,1
6,Rectum and anus,84,Belize,1,1,2012,0.5628517824,0.5959546598,0.04689331684,1
6,Rectum and anus,84,Belize,1,1,2013,0,0,0,0
6,Rectum and anus,84,Belize,1,1,2014,1.016260163,0.5702814909,0.1269518682,1
6,Rectum and anus,84,Belize,1,1,2015,1.360322922,1.116058973,0,2
6,Rectum and anus,84,Belize,1,1,2016,1.335351515,1.088885743,0.150336782,2
6,Rectum and anus,84,Belize,2,1,1982,4.958677686,2.65607777,0.8230406022,2
6,Rectum and anus,84,Belize,2,1,1983,0,0,0,0
6,Rectum and anus,84,Belize,2,1,1984,2.483443709,1.265902905,0.4130518692,1
6,Rectum and anus,84,Belize,2,1,1985,0,0,0,0
6,Rectum and anus,84,Belize,2,1,1986,0,0,0,0
6,Rectum and anus,84,Belize,2,1,1987,0,0,0,0
6,Rectum and anus,84,Belize,2,1,1988,0,0,0,0
6,Rectum and anus,84,Belize,2,1,1989,2.024291498,1.130607815,0.5047944832,1
6,Rectum and anus,84,Belize,2,1,1990,1.324503311,1.106035636,0,1
6,Rectum and anus,84,Belize,2,1,1991,0.9328358209,1.082895663,0,1
6,Rectum and anus,84,Belize,2,1,1992,0,0,0,0
6,Rectum and anus,84,Belize,2,1,1993,0.8810572687,1.039112183,0.05505092071,1
6,Rectum and anus,84,Belize,2,1,1994,1.966568338,1.017035342,0.490435503,1
6,Rectum and anus,84,Belize,2,1,1995,0,0,0,0
6,Rectum and anus,84,Belize,2,1,1996,1.344086022,0.9625287555,0,1
6,Rectum and anus,84,Belize,2,1,1997,0,0,0,0
6,Rectum and anus,84,Belize,2,1,1998,3.350508189,1.79734891,0.2703431712,2
6,Rectum and anus,84,Belize,2,1,1999,2.867841541,1.736141252,0.2346865854,2
6,Rectum and anus,84,Belize,2,1,2000,0,0,0,0
6,Rectum and anus,84,Belize,2,1,2001,0,0,0,0
6,Rectum and anus,84,Belize,2,1,2002,0.8064516129,0.7885440323,0,1
6,Rectum and anus,84,Belize,2,1,2003,0,0,0,0
6,Rectum and anus,84,Belize,2,1,2004,0,0,0,0
6,Rectum and anus,84,Belize,2,1,2005,0,0,0,0
6,Rectum and anus,84,Belize,2,1,2006,0,0,0,0
6,Rectum and anus,84,Belize,2,1,2007,0.8417508418,0.6777547341,0,1
6,Rectum and anus,84,Belize,2,1,2008,1.087251971,0.6586747464,0.1358141853,1
6,Rectum and anus,84,Belize,2,1,2009,1.025641026,0.6406765544,0.1281229805,1
6,Rectum and anus,84,Belize,2,1,2010,0,0,0,0
6,Rectum and anus,84,Belize,2,1,2011,0,0,0,0
6,Rectum and anus,84,Belize,2,1,2012,0,0,0,0
6,Rectum and anus,84,Belize,2,1,2013,0,0,0,0
6,Rectum and anus,84,Belize,2,1,2014,1.172033824,1.152272858,0.04852248922,2
6,Rectum and anus,84,Belize,2,1,2015,3.263658648,1.693680877,0.499986797,3
6,Rectum and anus,84,Belize,2,1,2016,0,0,0,0