Year,TAC,GammaC,MRI,Mammography,PET,ISO3
2015,0.19,0.0,0.1,0.0,0.0,AFG
2018,0.2,0.0,0.098,0.0,0.0,AFG
2019,0.0,0.0,0.0,0.0,0.0,AFG
2015,0.47,0.0,0.05,6.98,0.0,AGO
2018,0.42,0.0,0.047,0.0,0.0,AGO
2019,0.0,0.0,0.0,6.33,0.0,AGO
2022,0.0,0.0,0.0,0.0,0.0,AGO
2015,5.31,0.0,1.56,62.71,0.0,ALB
2018,5.36,0.0,1.58,0.0,0.0,ALB
2019,0.0,0.0,0.0,54.4,0.0,ALB
2022,0.0,0.0,0.0,0.0,0.0,ALB
2015,0.0,0.0,0.0,0.0,0.0,ARE
2018,0.0,0.0,0.0,0.0,0.0,ARE
2022,0.0,0.0,0.0,0.0,0.0,ARE
2015,0.0,0.0,0.0,0.0,0.0,ARG
2018,0.0,0.0,0.0,0.0,0.0,ARG
2022,0.0,0.0,0.0,0.0,0.0,ARG
2015,2.91,1.29,2.26,21.06,0.0,ARM
2018,3.02,1.34,2.35,0.0,0.0,ARM
2019,0.0,0.0,0.0,22.5,0.0,ARM
2022,0.0,0.0,0.0,0.0,0.0,ARM
2015,22.55,0.0,11.27,188.5,0.0,ATG
2018,22.23,0.0,11.11,0.0,0.0,ATG
2019,0.0,0.0,0.0,272.1,0.0,ATG
2022,0.0,0.0,0.0,0.0,0.0,ATG
2015,0.0,0.0,0.0,0.0,0.0,AUS
2018,0.0,0.0,0.0,0.0,0.0,AUS
2022,69.88,18.94,14.71,201.2,4.0,AUS
2022,0.0,0.0,0.0,0.0,0.0,AUS
2015,28.83,0.0,16.8,0.0,2.74,AUT
2018,28.49,0.0,16.6,0.0,2.71,AUT
2022,28.31,10.33,23.1,153.5,2.66,AUT
2022,0.0,0.0,0.0,0.0,0.0,AUT
2015,1.09,0.0,0.54,34.04,0.22,AZE
2018,1.06,0.0,0.53,0.0,0.21,AZE
2019,0.0,0.0,0.0,30.71,0.0,AZE
2022,0.0,0.0,0.0,0.0,0.0,AZE
2026,5.03,0.0,1.38,22.5,0.2,AZE
2015,0.24,0.0,0.0,2.52,0.0,BDI
2018,0.2,0.0,0.0,0.0,0.0,BDI
2019,0.0,0.0,0.0,2.69,0.0,BDI
2015,0.0,0.0,0.0,0.0,0.0,BEL
2018,0.0,0.0,0.0,0.0,0.0,BEL
2022,23.47,0.0,11.48,280.1,2.59,BEL
2022,0.0,0.0,0.0,0.0,0.0,BEL
2015,0.34,0.0,0.0,18.71,0.0,BEN
2018,0.29,0.0,0.0,0.0,0.0,BEN
2019,0.0,0.0,0.0,16.09,0.0,BEN
2015,0.18,0.0,0.0,3.14,0.0,BFA
2018,0.65,0.059,0.059,0.0,0.0,BFA
2019,0.0,0.0,0.0,13.59,0.0,BFA
2026,0.72,0.048,0.096,15.49,0.0,BFA
2015,0.0,0.0,0.0,0.0,0.0,BGD
2018,0.0,0.0,0.0,0.0,0.0,BGD
2022,0.0,0.0,0.0,0.0,0.0,BGD
2026,0.3,0.085,0.49,1.12,0.091,BGD
2015,0.0,0.0,0.0,0.0,0.0,BGR
2018,0.0,0.0,0.0,0.0,0.0,BGR
2022,0.0,0.0,0.0,0.0,0.0,BGR
2022,0.0,0.0,0.0,0.0,0.0,BHR
2015,14.58,0.0,2.92,128.5,0.0,BHS
2018,13.25,0.0,2.65,0.0,0.0,BHS
2019,0.0,0.0,0.0,106.6,0.0,BHS
2022,0.0,0.0,0.0,0.0,0.0,BHS
2026,12.72,0.0,2.54,95.1,0.0,BHS
2015,13.83,1.6,5.58,147.0,0.53,BIH
2018,16.45,1.57,5.48,0.0,0.26,BIH
2019,0.0,0.0,0.0,182.7,0.0,BIH
2022,0.0,0.0,0.0,0.0,0.0,BIH
2015,6.04,2.5,2.5,18.85,0.0,BLR
2018,6.2,2.57,2.57,0.0,0.0,BLR
2019,0.0,0.0,0.0,17.48,0.0,BLR
2022,0.0,0.0,0.0,0.0,0.0,BLR
2015,12.84,0.0,3.21,289.7,0.0,BLZ
2018,12.05,0.0,3.01,0.0,0.0,BLZ
2019,0.0,0.0,0.0,258.0,0.0,BLZ
2015,0.0,0.0,0.0,0.0,0.0,BOL
2018,0.0,0.0,0.0,0.0,0.0,BOL
2022,0.0,0.0,0.0,0.0,0.0,BOL
2015,0.0,0.0,0.0,0.0,0.0,BRA
2018,0.0,0.0,0.0,0.0,0.0,BRA
2022,0.0,0.0,0.0,0.0,0.0,BRA
2015,7.32,3.66,0.0,31.83,0.0,BRB
2018,7.03,3.51,0.0,0.0,0.0,BRB
2019,0.0,0.0,0.0,28.96,0.0,BRB
2022,0.0,0.0,0.0,0.0,0.0,BRB
2015,7.52,0.0,2.51,134.4,0.0,BRN
2018,7.18,0.0,2.39,0.0,0.0,BRN
2019,0.0,0.0,0.0,91.93,0.0,BRN
2022,0.0,0.0,0.0,0.0,0.0,BRN
2015,1.38,0.0,1.38,0.0,0.0,BTN
2018,1.33,0.0,1.33,0.0,0.0,BTN
2019,0.0,0.0,0.0,0.0,0.0,BTN
2015,1.0,0.0,0.5,17.46,0.0,BWA
2018,0.99,0.0,0.49,0.0,0.0,BWA
2019,0.0,0.0,0.0,19.1,0.0,BWA
2022,0.0,0.0,0.0,0.0,0.0,BWA
2015,0.0,0.0,0.0,4.64,0.0,CAF
2018,0.0,0.0,0.0,0.0,0.0,CAF
2019,0.0,0.0,0.0,4.68,0.0,CAF
2015,14.23,21.05,8.26,0.0,1.18,CAN
2018,13.76,20.35,7.99,0.0,1.14,CAN
2022,0.0,0.0,0.0,0.0,0.0,CAN
2026,14.76,15.58,10.31,134.5,1.48,CAN
2015,0.0,0.0,0.0,0.0,0.0,CHE
2022,0.0,0.0,0.0,0.0,0.0,CHE
2015,12.97,0.0,4.5,35.88,0.0,CHL
2018,12.6,0.0,4.37,0.0,0.0,CHL
2019,0.0,0.0,0.0,32.18,0.0,CHL
2022,23.33,0.0,11.82,0.0,0.0,CHL
2022,0.0,0.0,0.0,0.0,0.0,CHL
2015,0.0,0.0,0.0,0.0,0.0,CHN
2018,0.0,0.0,0.0,0.0,0.0,CHN
2022,0.0,0.0,0.0,0.0,0.0,CHN
2015,0.71,0.0,0.15,0.0,0.0,CIV
2018,0.69,0.0,0.15,0.0,0.0,CIV
2019,0.0,0.0,0.0,0.0,0.0,CIV
2022,0.0,0.0,0.0,0.0,0.0,CIV
2015,0.71,0.05,0.05,17.08,0.0,CMR
2018,0.63,0.045,0.045,0.0,0.0,CMR
2019,0.0,0.0,0.0,17.4,0.0,CMR
2022,0.0,0.0,0.0,0.0,0.0,CMR
2015,0.08,0.02,0.0,0.8,0.0,COD
2018,0.074,0.015,0.0,0.0,0.0,COD
2019,0.0,0.0,0.0,0.74,0.0,COD
2015,0.0,0.0,0.0,0.0,0.0,COG
2015,0.0,0.0,0.0,0.0,0.0,COL
2018,0.0,0.0,0.0,0.0,0.0,COL
2022,0.0,0.0,0.24,0.0,0.0,COL
2022,0.0,0.0,0.0,0.0,0.0,COL
2015,1.36,0.0,0.0,33.67,0.0,COM
2018,1.36,0.0,0.0,0.0,0.0,COM
2019,0.0,0.0,0.0,31.27,0.0,COM
2026,1.15,0.0,0.0,24.28,0.0,COM
2015,2.02,0.0,2.02,157.2,2.02,CPV
2018,2.0,0.0,2.0,0.0,2.0,CPV
2019,0.0,0.0,0.0,140.6,0.0,CPV
2026,14.39,0.0,5.4,124.3,0.0,CPV
2015,3.01,1.07,0.64,69.64,0.0,CRI
2018,5.13,1.23,0.82,0.0,0.21,CRI
2019,0.0,0.0,0.0,150.3,0.0,CRI
2022,0.0,0.0,0.0,0.0,0.0,CRI
2015,4.8,1.24,0.8,17.43,0.0,CUB
2018,4.79,1.24,0.8,0.0,0.0,CUB
2019,0.0,0.0,0.0,15.57,0.0,CUB
2022,0.0,0.0,0.0,0.0,0.0,CUB
2026,5.3,1.41,2.21,18.49,0.0,CUB
2015,21.75,8.15,13.59,219.5,0.0,CYP
2018,25.41,8.76,14.02,0.0,0.0,CYP
2019,0.0,0.0,0.0,329.6,0.0,CYP
2022,0.0,0.0,0.0,0.0,0.0,CYP
2015,13.25,11.53,4.96,97.19,0.57,CZE
2018,12.99,11.31,4.86,0.0,0.56,CZE
2019,0.0,0.0,0.0,96.99,0.0,CZE
2022,15.97,11.86,10.27,87.29,1.59,CZE
2022,0.0,0.0,0.0,0.0,0.0,CZE
2015,0.0,0.0,0.0,0.0,0.0,DEU
2018,0.0,0.0,0.0,0.0,0.0,DEU
2022,34.66,0.0,34.24,0.0,0.0,DEU
2022,0.0,0.0,0.0,0.0,0.0,DEU
2015,14.76,0.0,0.0,192.1,0.0,DMA
2018,13.89,0.0,0.0,0.0,0.0,DMA
2019,0.0,0.0,0.0,206.7,0.0,DMA
2015,24.14,14.95,13.87,141.3,5.95,DNK
2018,23.85,14.77,13.7,0.0,5.87,DNK
2019,0.0,0.0,0.0,138.4,0.0,DNK
2022,40.75,14.68,0.0,119.4,8.29,DNK
2022,0.0,0.0,0.0,0.0,0.0,DNK
2015,0.0,0.0,0.0,0.0,0.0,DOM
2018,0.0,0.0,0.0,0.0,0.0,DOM
2022,0.0,0.0,0.0,0.0,0.0,DOM
2015,0.0,0.0,0.0,0.0,0.0,DZA
2019,0.0,0.0,0.0,0.0,0.0,DZA
2022,0.0,0.0,0.0,0.0,0.0,DZA
2015,1.73,0.14,0.14,0.0,0.14,ECU
2018,1.59,0.13,0.13,0.0,0.13,ECU
2022,0.0,0.0,0.0,0.0,0.0,ECU
2015,0.0,0.0,0.0,0.0,0.0,EGY
2018,0.0,0.0,0.0,0.0,0.0,EGY
2022,0.0,0.0,0.0,0.0,0.0,EGY
2015,0.38,0.0,0.19,19.03,0.0,ERI
2018,0.32,0.0,0.16,0.0,0.0,ERI
2019,0.0,0.0,0.0,16.56,0.0,ERI
2015,14.11,4.84,8.29,0.0,0.0,ESP
2018,13.85,4.75,8.14,0.0,0.0,ESP
2022,19.14,6.61,17.22,120.6,1.8,ESP
2022,0.0,0.0,0.0,0.0,0.0,ESP
2015,14.91,2.24,8.2,0.0,0.75,EST
2018,15.54,2.33,8.55,0.0,0.78,EST
2022,18.84,2.26,13.56,76.94,2.26,EST
2022,0.0,0.0,0.0,0.0,0.0,EST
2015,0.25,0.01,0.04,0.0,0.0,ETH
2018,0.36,0.011,0.074,0.0,0.0,ETH
2026,0.42,0.009,0.16,0.0,0.0,ETH
2015,0.0,0.0,16.03,231.4,0.0,FIN
2018,20.09,8.29,15.85,0.0,1.47,FIN
2019,0.0,0.0,0.0,223.2,0.0,FIN
2026,16.42,7.58,28.7,214.4,2.71,FIN
2015,3.49,0.0,1.16,31.94,0.0,FJI
2018,3.4,0.0,1.13,0.0,0.0,FJI
2019,0.0,0.0,0.0,28.83,0.0,FJI
2015,0.0,0.0,10.37,0.0,0.0,FRA
2018,0.0,0.0,10.13,0.0,0.0,FRA
2022,18.72,7.08,15.84,0.0,2.56,FRA
2022,0.0,0.0,0.0,0.0,0.0,FRA
2015,0.0,0.0,0.0,0.0,0.0,FSM
2018,0.0,0.0,0.0,0.0,0.0,FSM
2019,0.0,0.0,0.0,0.0,0.0,FSM
2026,8.7,0.0,0.0,0.0,0.0,FSM
2015,3.99,0.0,1.33,78.63,0.0,GAB
2018,3.59,0.0,1.2,0.0,0.0,GAB
2019,0.0,0.0,0.0,73.12,0.0,GAB
2022,0.0,0.0,0.0,0.0,0.0,GAB
2015,0.0,0.0,0.0,0.0,0.0,GBR
2018,0.0,0.0,0.0,0.0,0.0,GBR
2022,0.0,0.0,0.0,0.0,0.0,GBR
2015,8.73,0.69,0.0,44.64,0.0,GEO
2018,8.75,0.69,0.0,0.0,0.0,GEO
2019,0.0,0.0,0.0,40.74,0.0,GEO
2022,0.0,0.0,0.0,0.0,0.0,GEO
2015,0.16,0.08,0.08,0.0,0.0,GHA
2018,0.15,0.077,0.077,0.0,0.0,GHA
2022,0.0,0.0,0.0,0.0,0.0,GHA
2026,0.35,0.0,0.23,0.0,0.0,GHA
2015,0.0,0.0,0.0,0.0,0.0,GIN
2018,0.0,0.0,0.0,0.0,0.0,GIN
2019,0.0,0.0,0.0,0.0,0.0,GIN
2015,1.16,0.0,0.58,17.51,0.0,GMB
2018,1.08,0.0,0.54,0.0,0.0,GMB
2019,0.0,0.0,0.0,16.49,0.0,GMB
2026,1.24,0.0,0.0,43.89,0.0,GMB
2015,0.0,0.0,0.0,0.0,0.0,GNB
2018,0.0,0.0,0.0,0.0,0.0,GNB
2019,0.0,0.0,0.0,0.0,0.0,GNB
2015,0.0,0.0,0.0,0.0,0.0,GRC
2018,33.16,14.38,22.02,0.0,0.45,GRC
2019,0.0,0.0,0.0,438.4,0.0,GRC
2022,41.83,13.82,30.22,492.2,1.25,GRC
2022,0.0,0.0,0.0,0.0,0.0,GRC
2015,19.14,0.0,9.57,153.3,0.0,GRD
2018,18.89,0.0,9.44,0.0,0.0,GRD
2019,0.0,0.0,0.0,134.6,0.0,GRD
2015,0.0,0.0,0.0,0.0,0.0,GTM
2018,0.0,0.0,0.0,0.0,0.0,GTM
2022,0.0,0.0,0.0,0.0,0.0,GTM
2015,3.98,0.0,1.33,66.75,0.0,GUY
2018,3.75,0.0,1.25,0.0,0.0,GUY
2019,0.0,0.0,0.0,69.98,0.0,GUY
2022,0.0,0.0,0.0,0.0,0.0,GUY
2015,2.24,0.13,1.18,57.03,0.0,HND
2018,2.1,0.12,1.11,0.0,0.0,HND
2019,0.0,0.0,0.0,50.87,0.0,HND
2022,0.0,0.0,0.0,0.0,0.0,HND
2026,1.72,0.1,0.91,34.41,0.0,HND
2015,14.53,5.9,7.04,213.3,0.45,HRV
2018,14.92,6.06,7.23,0.0,0.47,HRV
2019,0.0,0.0,0.0,206.5,0.0,HRV
2022,0.0,0.0,0.0,0.0,0.0,HRV
2015,0.3,0.0,0.0,20.48,0.0,HTI
2018,0.29,0.0,0.0,0.0,0.0,HTI
2019,0.0,0.0,0.0,19.47,0.0,HTI
2015,6.61,10.22,1.4,101.8,0.6,HUN
2018,6.63,10.25,1.41,0.0,0.6,HUN
2019,0.0,0.0,0.0,103.6,0.0,HUN
2022,9.52,11.8,4.97,111.1,0.93,HUN
2022,0.0,0.0,0.0,0.0,0.0,HUN
2015,0.0,0.0,0.0,0.0,0.0,IDN
2018,0.0,0.0,0.0,0.0,0.0,IDN
2022,0.0,0.0,0.0,0.0,0.0,IDN
2015,0.0,0.0,0.0,0.0,0.0,IND
2018,0.0,0.0,0.0,0.0,0.0,IND
2022,0.0,0.0,0.0,0.0,0.0,IND
2015,4.7,3.13,2.01,24.77,0.45,IRL
2018,4.54,3.03,1.95,0.0,0.43,IRL
2019,0.0,0.0,0.0,23.2,0.0,IRL
2022,21.26,4.66,15.8,150.0,1.82,IRL
2022,0.0,0.0,0.0,0.0,0.0,IRL
2015,0.0,0.0,0.0,0.0,0.0,IRN
2018,0.0,0.0,0.0,0.0,0.0,IRN
2022,0.0,0.0,0.0,0.0,0.0,IRN
2015,2.37,0.16,1.74,37.69,0.0,IRQ
2018,2.22,0.15,1.63,0.0,0.0,IRQ
2019,0.0,0.0,0.0,35.43,0.0,IRQ
2022,0.0,0.0,0.0,0.0,0.0,IRQ
2015,40.61,12.49,21.87,151.6,0.0,ISL
2018,39.45,12.14,21.24,0.0,0.0,ISL
2019,0.0,0.0,0.0,139.0,0.0,ISL
2022,49.85,8.8,20.53,149.7,2.93,ISL
2022,0.0,0.0,0.0,0.0,0.0,ISL
2015,7.82,10.78,1.35,117.6,0.81,ISR
2018,7.5,10.35,1.29,0.0,0.78,ISR
2019,0.0,0.0,0.0,112.3,0.0,ISR
2022,10.17,9.59,5.31,112.3,1.62,ISR
2022,0.0,0.0,0.0,0.0,0.0,ISR
2015,0.0,0.0,0.0,0.0,0.0,ITA
2018,0.0,0.0,0.0,0.0,0.0,ITA
2022,35.1,7.69,28.71,233.0,3.47,ITA
2022,0.0,0.0,0.0,0.0,0.0,ITA
2015,1.46,0.0,1.46,57.55,0.0,JAM
2018,1.44,0.0,1.44,0.0,0.0,JAM
2019,0.0,0.0,0.0,51.27,0.0,JAM
2022,0.0,0.0,0.0,0.0,0.0,JAM
2015,6.46,1.13,2.42,166.1,0.32,JOR
2018,5.5,0.96,2.06,0.0,0.27,JOR
2019,0.0,0.0,0.0,129.1,0.0,JOR
2026,7.84,1.18,3.92,0.0,0.39,JOR
2015,101.7,0.0,46.16,225.9,4.37,JPN
2018,101.2,0.0,45.94,0.0,4.35,JPN
2019,0.0,0.0,0.0,227.3,0.0,JPN
2022,111.7,11.5,55.31,267.4,4.63,JPN
2022,0.0,0.0,0.0,0.0,0.0,JPN
2015,1.5,0.06,1.12,23.82,0.06,KAZ
2018,1.46,0.061,1.09,0.0,0.061,KAZ
2019,0.0,0.0,0.0,22.1,0.0,KAZ
2022,0.0,0.0,0.0,0.0,0.0,KAZ
2015,0.27,0.05,0.17,7.72,0.0,KEN
2018,0.25,0.045,0.16,0.0,0.0,KEN
2019,0.0,0.0,0.0,6.82,0.0,KEN
2022,0.0,0.0,0.0,0.0,0.0,KEN
2015,0.94,0.75,0.94,19.76,0.0,KGZ
2018,0.9,0.72,0.9,0.0,0.0,KGZ
2019,0.0,0.0,0.0,16.45,0.0,KGZ
2022,0.0,0.0,0.0,0.0,0.0,KGZ
2026,1.99,0.61,0.77,11.72,0.0,KGZ
2015,1.27,0.0,0.07,0.0,0.0,KHM
2018,1.19,0.0,0.066,0.0,0.0,KHM
2022,0.0,0.0,0.0,0.0,0.0,KHM
2015,0.0,0.0,0.0,0.0,0.0,KIR
2018,0.0,0.0,0.0,0.0,0.0,KIR
2019,0.0,0.0,0.0,0.0,0.0,KIR
2015,19.08,0.0,0.0,169.4,0.0,KNA
2018,18.45,0.0,0.0,0.0,0.0,KNA
2019,0.0,0.0,0.0,149.4,0.0,KNA
2015,36.17,8.26,20.44,444.6,3.22,KOR
2018,35.38,8.08,19.99,0.0,3.15,KOR
2019,0.0,0.0,0.0,402.3,0.0,KOR
2022,38.83,5.97,30.29,421.9,3.8,KOR
2022,0.0,0.0,0.0,0.0,0.0,KOR
2015,0.0,0.0,0.0,0.0,0.0,KWT
2018,0.0,0.0,0.0,0.0,0.0,KWT
2022,0.0,0.0,0.0,0.0,0.0,KWT
2015,0.81,0.0,0.0,0.0,0.0,LAO
2018,0.74,0.0,0.0,0.0,0.0,LAO
2019,0.0,0.0,0.0,0.0,0.0,LAO
2022,0.0,0.0,0.0,0.0,0.0,LAO
2015,28.62,0.24,9.46,380.0,1.42,LBN
2018,25.09,0.21,8.3,0.0,1.24,LBN
2019,0.0,0.0,0.0,370.2,0.0,LBN
2022,0.0,0.0,0.0,0.0,0.0,LBN
2015,0.0,0.0,0.0,0.0,0.0,LBR
2015,9.44,0.31,5.04,0.0,0.16,LBY
2018,9.68,0.32,5.16,0.0,0.16,LBY
2022,0.0,0.0,0.0,0.0,0.0,LBY
2015,11.48,0.0,11.48,164.7,0.0,LCA
2018,10.97,0.0,10.97,0.0,0.0,LCA
2019,0.0,0.0,0.0,131.1,0.0,LCA
2015,1.25,0.0,0.43,0.0,0.0,LKA
2018,1.69,0.0,0.42,2.81,0.0,LKA
2022,0.0,0.0,0.0,0.0,0.0,LKA
2015,18.05,2.11,5.72,89.34,0.0,LTU
2018,20.22,2.98,8.95,0.0,0.33,LTU
2019,0.0,0.0,0.0,82.53,0.0,LTU
2026,26.82,2.57,14.7,81.34,0.73,LTU
2015,19.71,17.74,13.79,183.0,1.97,LUX
2018,18.85,16.97,13.2,0.0,1.89,LUX
2019,0.0,0.0,0.0,168.3,0.0,LUX
2026,22.36,11.18,14.38,94.39,1.6,LUX
2015,0.0,0.0,0.0,0.0,0.0,LVA
2018,0.0,0.0,0.0,0.0,0.0,LVA
2022,39.24,3.71,13.79,177.8,1.06,LVA
2022,0.0,0.0,0.0,0.0,0.0,LVA
2015,1.25,0.0,0.38,20.12,0.0,MAR
2018,1.21,0.0,0.36,0.0,0.0,MAR
2019,0.0,0.0,0.0,18.46,0.0,MAR
2022,0.0,0.0,0.0,0.0,0.0,MAR
2015,141.2,28.24,141.2,651.7,28.24,MCO
2018,132.2,26.43,132.2,0.0,26.43,MCO
2019,0.0,0.0,0.0,599.3,0.0,MCO
2022,0.0,0.0,0.0,0.0,0.0,MCO
2015,2.24,1.12,0.28,40.84,0.0,MDA
2018,5.45,1.15,1.43,0.0,0.0,MDA
2019,0.0,0.0,0.0,40.95,0.0,MDA
2022,0.0,0.0,0.0,0.0,0.0,MDA
2015,0.14,0.0,0.0,6.99,0.0,MDG
2018,0.13,0.0,0.0,0.0,0.0,MDG
2019,0.0,0.0,0.0,6.23,0.0,MDG
2022,0.0,0.0,0.0,0.0,0.0,MDG
2015,6.33,0.0,3.17,64.42,0.0,MDV
2018,5.8,0.0,2.9,0.0,0.0,MDV
2019,0.0,0.0,0.0,57.09,0.0,MDV
2015,3.94,0.82,1.53,87.91,0.12,MEX
2018,3.65,0.76,1.41,0.0,0.11,MEX
2019,0.0,0.0,0.0,74.47,0.0,MEX
2022,0.0,0.0,0.0,0.0,0.0,MEX
2026,6.15,0.89,2.45,129.2,0.24,MEX
2015,18.51,0.0,0.0,158.1,0.0,MHL
2018,19.0,0.0,0.0,0.0,0.0,MHL
2019,0.0,0.0,0.0,142.7,0.0,MHL
2015,0.0,0.0,0.0,0.0,0.0,MKD
2018,0.0,0.0,0.0,79.81,0.0,MKD
2019,6.17,0.95,3.32,79.81,0.0,MKD
2022,0.0,0.0,0.0,0.0,0.0,MKD
2026,6.17,0.95,3.32,79.81,0.0,MKD
2015,0.2,0.07,0.0,5.38,0.0,MLI
2018,0.2,0.065,0.0,0.0,0.0,MLI
2019,0.0,0.0,0.0,5.42,0.0,MLI
2022,0.0,0.0,0.0,0.0,0.0,MLI
2015,9.6,7.2,9.6,108.2,2.4,MLT
2018,9.32,6.99,9.32,0.0,2.33,MLT
2019,0.0,0.0,0.0,99.69,0.0,MLT
2022,0.0,0.0,0.0,0.0,0.0,MLT
2015,0.08,0.06,0.08,0.84,0.0,MMR
2018,0.075,0.056,0.075,0.0,0.0,MMR
2019,0.0,0.0,0.0,0.71,0.0,MMR
2022,0.0,0.0,0.0,0.0,0.0,MMR
2026,0.81,0.13,0.24,2.16,0.037,MMR
2015,9.5,0.0,1.58,137.1,0.0,MNE
2018,16.09,1.61,3.22,0.0,0.0,MNE
2019,0.0,0.0,0.0,196.5,0.0,MNE
2022,0.0,0.0,0.0,0.0,0.0,MNE
2015,8.35,0.73,1.45,39.29,0.0,MNG
2018,8.1,0.7,1.41,0.0,0.0,MNG
2019,0.0,0.0,0.0,33.26,0.0,MNG
2022,0.0,0.0,0.0,0.0,0.0,MNG
2015,0.0,0.0,0.0,0.0,0.0,MOZ
2022,0.0,0.0,0.0,0.0,0.0,MOZ
2015,1.73,0.0,0.87,25.71,0.0,MRT
2018,1.54,0.0,0.77,0.0,0.0,MRT
2019,0.0,0.0,0.0,22.41,0.0,MRT
2022,0.0,0.0,0.0,0.0,0.0,MRT
2015,6.16,2.31,4.62,57.98,0.0,MUS
2018,6.43,2.41,4.82,0.0,0.0,MUS
2019,0.0,0.0,0.0,49.68,0.0,MUS
2022,0.0,0.0,0.0,0.0,0.0,MUS
2015,0.34,0.0,0.07,0.0,0.0,MWI
2018,0.31,0.0,0.061,0.0,0.0,MWI
2019,0.0,0.0,0.0,0.0,0.0,MWI
2015,6.73,0.74,3.03,98.8,0.39,MYS
2018,6.43,0.71,2.89,0.0,0.37,MYS
2019,0.0,0.0,0.0,86.7,0.0,MYS
2022,0.0,0.0,0.0,0.0,0.0,MYS
2015,4.82,0.88,0.88,42.24,0.0,NAM
2018,4.78,0.87,0.87,0.0,0.0,NAM
2019,0.0,0.0,0.0,42.3,0.0,NAM
2022,0.0,0.0,0.0,0.0,0.0,NAM
2015,0.19,0.0,0.0,12.51,0.0,NER
2018,0.17,0.0,0.0,0.0,0.0,NER
2019,0.0,0.0,0.0,10.94,0.0,NER
2015,0.0,0.0,0.0,0.0,0.0,NGA
2018,0.0,0.0,0.0,0.0,0.0,NGA
2022,0.0,0.0,0.0,0.0,0.0,NGA
2015,0.52,0.17,0.17,0.0,0.0,NIC
2018,0.49,0.16,0.16,0.0,0.0,NIC
2022,0.0,0.0,0.0,0.0,0.0,NIC
2015,12.34,10.77,12.22,0.0,2.41,NLD
2018,12.23,10.68,12.11,0.0,2.39,NLD
2022,0.0,0.0,0.0,0.0,0.0,NLD
2026,11.96,10.45,11.85,0.0,2.33,NLD
2015,0.0,0.0,0.0,0.0,0.61,NOR
2018,0.0,0.0,0.0,0.0,0.0,NOR
2022,0.0,0.0,0.0,0.0,0.0,NOR
2015,0.0,0.0,0.0,0.0,0.0,NPL
2018,0.0,0.0,0.0,0.0,0.0,NPL
2022,0.0,0.0,0.0,0.0,0.0,NPL
2015,0.0,0.0,0.0,0.0,0.0,NRU
2015,15.8,3.43,9.62,227.9,0.46,NZL
2018,0.0,0.0,0.0,0.0,0.0,NZL
2022,15.76,3.73,15.76,162.4,1.04,NZL
2022,0.0,0.0,0.0,0.0,0.0,NZL
2015,8.63,1.08,4.31,94.07,0.0,OMN
2018,6.88,1.1,4.4,0.0,0.0,OMN
2019,0.0,0.0,0.0,149.8,0.0,OMN
2022,0.0,0.0,0.0,0.0,0.0,OMN
2015,0.35,0.04,0.23,1.75,0.03,PAK
2018,0.33,0.038,0.22,0.0,0.027,PAK
2019,0.0,0.0,0.0,1.61,0.0,PAK
2022,0.0,0.0,0.0,0.0,0.0,PAK
2015,10.52,2.27,3.13,211.2,0.0,PAN
2018,9.58,2.07,2.85,0.0,0.0,PAN
2019,0.0,0.0,0.0,278.5,0.0,PAN
2022,0.0,0.0,0.0,0.0,0.0,PAN
2015,0.0,0.0,0.0,0.0,0.0,PER
2018,0.0,0.0,0.0,0.0,0.0,PER
2022,0.0,0.0,0.0,0.0,0.0,PER
2015,1.15,0.0,0.32,14.94,0.0,PHL
2018,1.09,0.0,0.3,0.0,0.0,PHL
2019,0.0,0.0,0.0,13.12,0.0,PHL
2022,0.0,0.0,0.0,0.0,0.0,PHL
2015,0.44,0.0,0.0,9.4,0.0,PNG
2018,0.41,0.0,0.0,0.0,0.0,PNG
2019,0.0,0.0,0.0,8.51,0.0,PNG
2015,10.58,2.8,3.27,104.8,0.34,POL
2018,10.6,2.8,3.27,0.0,0.34,POL
2019,0.0,0.0,0.0,100.7,0.0,POL
2022,0.0,3.7,9.25,73.97,0.87,POL
2022,0.0,0.0,0.0,0.0,0.0,POL
2015,0.0,0.0,0.0,0.0,0.0,PRK
2018,0.0,0.0,0.0,0.0,0.0,PRK
2015,27.26,5.06,9.84,281.8,0.66,PRT
2018,27.43,5.09,9.9,0.0,0.66,PRT
2019,0.0,0.0,0.0,272.0,0.0,PRT
2022,0.0,0.0,0.0,0.0,0.0,PRT
2015,1.08,0.0,0.31,8.03,0.0,PRY
2018,1.03,0.0,0.29,0.0,0.0,PRY
2019,0.0,0.0,0.0,7.33,0.0,PRY
2022,0.0,0.0,0.0,0.0,0.0,PRY
2015,10.23,2.27,11.37,284.6,0.57,QAT
2018,8.3,1.84,9.22,0.0,0.46,QAT
2019,0.0,0.0,0.0,225.1,0.0,QAT
2022,0.0,0.0,0.0,0.0,0.0,QAT
2015,5.49,1.16,2.0,42.27,0.05,ROU
2018,5.44,1.15,1.98,0.0,0.046,ROU
2019,0.0,0.0,0.0,41.84,0.0,ROU
2022,0.0,0.0,0.0,0.0,0.0,ROU
2015,0.0,0.0,0.0,0.0,0.0,RUS
2018,0.0,0.0,0.0,0.0,0.0,RUS
2022,13.45,0.0,4.87,0.0,0.0,RUS
2022,0.0,0.0,0.0,0.0,0.0,RUS
2022,0.0,0.0,0.0,0.0,0.0,RWA
2015,4.01,0.4,1.02,45.36,0.0,SAU
2018,3.82,0.38,0.97,0.0,0.0,SAU
2019,0.0,0.0,0.0,40.62,0.0,SAU
2022,0.0,0.0,0.0,0.0,0.0,SAU
2015,0.99,0.11,0.28,9.74,0.0,SDN
2018,1.13,0.13,0.32,0.0,0.0,SDN
2019,0.0,0.0,0.0,12.18,0.0,SDN
2022,0.0,0.0,0.0,0.0,0.0,SDN
2015,0.4,0.08,0.16,6.43,0.0,SEN
2018,0.35,0.071,0.14,0.0,0.0,SEN
2019,0.0,0.0,0.0,5.19,0.0,SEN
2026,1.19,0.12,0.24,22.36,0.0,SEN
2015,9.44,0.0,8.26,143.9,0.0,SGP
2018,8.87,0.0,7.76,0.0,0.0,SGP
2019,0.0,0.0,0.0,127.6,0.0,SGP
2022,0.0,0.0,0.0,0.0,0.0,SGP
2015,0.34,0.17,0.0,0.0,0.0,SLE
2018,0.33,0.16,0.0,0.0,0.0,SLE
2015,3.71,0.81,0.65,49.94,0.0,SLV
2018,4.73,0.95,1.1,0.0,0.0,SLV
2019,0.0,0.0,0.0,69.99,0.0,SLV
2022,0.0,0.0,0.0,0.0,0.0,SLV
2015,31.71,0.0,63.42,249.1,0.0,SMR
2018,31.8,0.0,63.6,0.0,0.0,SMR
2019,0.0,0.0,0.0,229.1,0.0,SMR
2015,13.19,0.3,5.99,90.14,0.2,SRB
2018,13.67,0.32,6.2,0.0,0.21,SRB
2019,0.0,0.0,0.0,84.56,0.0,SRB
2022,0.0,0.0,0.0,0.0,0.0,SRB
2015,7.62,0.0,3.81,105.8,0.0,SUR
2018,7.42,0.0,3.71,0.0,0.0,SUR
2019,0.0,0.0,0.0,93.6,0.0,SUR
2022,0.0,0.0,0.0,0.0,0.0,SUR
2015,0.0,0.0,0.0,0.0,0.0,SVK
2018,0.0,0.0,0.0,0.0,0.0,SVK
2022,18.32,5.49,9.52,135.4,1.47,SVK
2022,0.0,0.0,0.0,0.0,0.0,SVK
2015,12.32,6.9,4.43,133.6,0.99,SVN
2018,13.51,8.2,8.69,0.0,0.97,SVN
2019,0.0,0.0,0.0,136.2,0.0,SVN
2022,18.28,8.18,12.51,106.0,1.44,SVN
2022,0.0,0.0,0.0,0.0,0.0,SVN
2015,0.0,0.0,0.0,0.0,0.0,SWE
2019,0.0,0.0,0.0,0.0,0.0,SWE
2022,0.0,0.0,0.0,0.0,0.0,SWE
2015,2.53,0.0,0.0,35.91,0.0,SWZ
2018,2.4,0.0,0.0,0.0,0.0,SWZ
2019,0.0,0.0,0.0,33.62,0.0,SWZ
2015,11.56,0.0,11.56,96.06,0.0,SYC
2018,10.77,0.0,10.77,0.0,0.0,SYC
2019,0.0,0.0,0.0,127.7,0.0,SYC
2015,0.0,0.0,0.0,0.0,0.0,SYR
2018,0.0,0.0,0.0,0.0,0.0,SYR
2022,0.0,0.0,0.0,0.0,0.0,SYR
2015,0.09,0.0,0.0,4.32,0.0,TCD
2018,0.078,0.0,0.0,0.0,0.0,TCD
2019,0.0,0.0,0.0,4.67,0.0,TCD
2026,0.18,0.0,0.0,3.57,0.0,TCD
2015,0.83,0.0,0.17,11.23,0.0,TGO
2018,0.73,0.0,0.15,0.0,0.0,TGO
2019,0.0,0.0,0.0,10.39,0.0,TGO
2015,5.77,0.43,0.0,30.82,0.07,THA
2018,5.95,0.45,0.0,0.0,0.075,THA
2019,0.0,0.0,0.0,27.87,0.0,THA
2022,0.0,0.0,0.0,0.0,0.0,THA
2015,1.31,0.0,0.44,16.71,0.0,TJK
2018,1.1,0.0,0.37,0.0,0.0,TJK
2019,0.0,0.0,0.0,12.59,0.0,TJK
2022,0.0,0.0,0.0,0.0,0.0,TJK
2022,0.0,0.0,0.0,0.0,0.0,TKM
2015,0.0,0.0,0.0,0.0,0.0,TON
2018,0.0,0.0,0.0,0.0,0.0,TON
2019,0.0,0.0,0.0,0.0,0.0,TON
2015,2.98,2.24,2.98,40.05,0.0,TTO
2018,2.98,2.24,2.98,0.0,0.0,TTO
2019,0.0,0.0,0.0,35.22,0.0,TTO
2022,0.0,0.0,0.0,0.0,0.0,TTO
2026,8.58,2.86,5.0,37.37,0.71,TTO
2015,9.35,1.24,2.1,27.11,0.0,TUN
2018,8.91,1.18,2.0,0.0,0.0,TUN
2019,0.0,0.0,0.0,22.58,0.0,TUN
2022,0.0,0.0,0.0,0.0,0.0,TUN
2015,14.95,3.93,6.32,272.0,0.92,TUR
2018,14.52,3.82,6.14,0.0,0.89,TUR
2019,0.0,0.0,0.0,230.4,0.0,TUR
2022,14.36,3.55,10.85,120.7,1.55,TUR
2022,0.0,0.0,0.0,0.0,0.0,TUR
2015,0.13,0.09,0.04,6.53,0.02,TZA
2018,0.12,0.081,0.041,0.0,0.02,TZA
2019,0.0,0.0,0.0,6.15,0.0,TZA
2022,0.0,0.0,0.0,0.0,0.0,TZA
2026,0.17,0.067,0.067,3.38,0.017,TZA
2015,0.33,0.06,0.03,3.59,0.0,UGA
2018,0.45,0.053,0.08,0.0,0.0,UGA
2019,0.0,0.0,0.0,4.41,0.0,UGA
2026,0.44,0.066,0.087,3.3,0.0,UGA
2015,0.0,0.0,0.0,0.0,0.0,UKR
2018,0.0,0.0,0.0,0.0,0.0,UKR
2022,0.0,0.0,0.0,0.0,0.0,UKR
2015,13.06,2.97,2.97,177.8,0.3,URY
2018,12.91,2.94,2.94,0.0,0.29,URY
2019,0.0,0.0,0.0,172.4,0.0,URY
2022,0.0,0.0,0.0,0.0,0.0,URY
2015,0.0,0.0,0.0,0.0,0.0,USA
2018,0.0,0.0,0.0,0.0,0.0,USA
2022,44.56,48.37,40.11,521.6,5.41,USA
2022,0.0,0.0,0.0,0.0,0.0,USA
2015,0.0,0.0,0.0,0.0,0.0,UZB
2018,0.0,0.0,0.0,0.0,0.0,UZB
2022,0.0,0.0,0.0,0.0,0.0,UZB
2015,0.0,0.0,0.0,265.5,0.0,VCT
2018,0.0,0.0,0.0,0.0,0.0,VCT
2019,0.0,0.0,0.0,229.9,0.0,VCT
2015,0.0,0.0,0.0,0.0,0.0,VEN
2018,0.0,0.0,0.0,0.0,0.0,VEN
2022,0.0,0.0,0.0,0.0,0.0,VEN
2015,0.0,0.0,0.0,0.0,0.0,VNM
2018,0.0,0.0,0.0,0.0,0.0,VNM
2022,0.0,0.0,0.0,0.0,0.0,VNM
2015,0.0,0.0,0.0,0.0,0.0,VUT
2018,0.0,0.0,0.0,0.0,0.0,VUT
2019,0.0,0.0,0.0,0.0,0.0,VUT
2015,5.46,0.0,0.0,98.99,0.0,WSM
2018,5.25,0.0,0.0,0.0,0.0,WSM
2019,0.0,0.0,0.0,91.16,0.0,WSM
2015,2.08,0.04,0.67,33.89,0.0,YEM
2018,3.61,0.12,1.15,0.0,0.0,YEM
2019,0.0,0.0,0.0,17.62,0.0,YEM
2022,0.0,0.0,0.0,0.0,0.0,YEM
2015,1.02,0.56,0.24,9.11,0.06,ZAF
2018,0.97,0.53,0.23,0.0,0.057,ZAF
2019,0.0,0.0,0.0,7.78,0.0,ZAF
2022,0.0,0.0,0.0,0.0,0.0,ZAF
2026,0.86,0.47,0.2,7.34,0.051,ZAF
2015,0.23,0.08,0.08,4.09,0.0,ZMB
2018,0.21,0.069,0.069,0.0,0.0,ZMB
2019,0.0,0.0,0.0,4.56,0.0,ZMB
2022,0.0,0.0,0.0,0.0,0.0,ZMB
2015,0.48,0.32,0.32,6.71,0.0,ZWE
2018,0.42,0.28,0.28,0.0,0.0,ZWE
2019,0.0,0.0,0.0,6.89,0.0,ZWE
2022,0.0,0.0,0.0,0.0,0.0,ZWE
