IndicatorCode,Indicator,ValueType,ParentLocationCode,ParentLocation,Location type,SpatialDimValueCode,Location,Period type,Period,IsLatestYear,Dim1 type,Dim1,Dim1ValueCode,Dim2 type,Dim2,Dim2ValueCode,Dim3 type,Dim3,Dim3ValueCode,DataSourceDimValueCode,DataSource,FactValueNumericPrefix,FactValueNumeric,FactValueUoM,FactValueNumericLowPrefix,FactValueNumericLow,FactValueNumericHighPrefix,FactValueNumericHigh,Value,FactValueTranslationID,FactComments,Language,DateModified
DEVICES12,Total density per million population: Linear Accelerator,text,AFR,Africa,Country,DZA,Algeria,Year,2014,true,,,,,,,,,,,,,0.18,,,,,,0.18,,"Data from DIRA IAEA radiotherapy database, accessed on February 2014",EN,2016-01-27T22:00:00.000Z
DEVICES12,Total density per million population: Linear Accelerator,text,EUR,Europe,Country,MKD,North Macedonia,Year,2014,true,,,,,,,,,,,,,0.95,,,,,,0.95,,Only public sector data,EN,2016-01-27T22:00:00.000Z
DEVICES12,Total density per million population: Linear Accelerator,text,EUR,Europe,Country,SWE,Sweden,Year,2014,true,,,,,,,,,,,,,6.48,,,,,,6.48,,"Data from DIRA IAEA radiotherapy database, accessed on February 2014",EN,2016-01-27T22:00:00.000Z
DEVICES12,Total density per million population: Linear Accelerator,text,EMR,Eastern Mediterranean,Country,AFG,Afghanistan,Year,2013,true,,,,,,,,,,,,,0,,,,,,0,,,EN,2014-03-04T22:00:00.000Z
DEVICES12,Total density per million population: Linear Accelerator,text,EUR,Europe,Country,ALB,Albania,Year,2013,true,,,,,,,,,,,,,0,,,,,,0,,,EN,2014-03-04T22:00:00.000Z
DEVICES12,Total density per million population: Linear Accelerator,text,AFR,Africa,Country,AGO,Angola,Year,2013,true,,,,,,,,,,,,,0,,,,,,0,,Only public sector data,EN,2014-03-04T22:00:00.000Z
DEVICES12,Total density per million population: Linear Accelerator,text,AMR,Americas,Country,BRB,Barbados,Year,2013,true,,,,,,,,,,,,,0,,,,,,0,,Only public sector data,EN,2014-03-04T22:00:00.000Z
DEVICES12,Total density per million population: Linear Accelerator,text,AMR,Americas,Country,BLZ,Belize,Year,2013,true,,,,,,,,,,,,,0,,,,,,0,,,EN,2014-03-04T22:00:00.000Z
DEVICES12,Total density per million population: Linear Accelerator,text,AFR,Africa,Country,BEN,Benin,Year,2013,true,,,,,,,,,,,,,0,,,,,,0,,,EN,2014-03-04T22:00:00.000Z
DEVICES12,Total density per million population: Linear Accelerator,text,SEAR,South-East Asia,Country,BTN,Bhutan,Year,2013,true,,,,,,,,,,,,,0,,,,,,0,,,EN,2014-03-04T22:00:00.000Z
DEVICES12,Total density per million population: Linear Accelerator,text,AFR,Africa,Country,BWA,Botswana,Year,2013,true,,,,,,,,,,,,,0,,,,,,0,,Only public sector data,EN,2014-03-04T22:00:00.000Z
DEVICES12,Total density per million population: Linear Accelerator,text,AFR,Africa,Country,BFA,Burkina Faso,Year,2013,true,,,,,,,,,,,,,0,,,,,,0,,,EN,2014-03-04T22:00:00.000Z
DEVICES12,Total density per million population: Linear Accelerator,text,AFR,Africa,Country,BDI,Burundi,Year,2013,true,,,,,,,,,,,,,0,,,,,,0,,,EN,2014-03-04T22:00:00.000Z
DEVICES12,Total density per million population: Linear Accelerator,text,AFR,Africa,Country,CIV,Cote d'Ivoire,Year,2013,true,,,,,,,,,,,,,0,,,,,,0,,,EN,2014-03-04T22:00:00.000Z
DEVICES12,Total density per million population: Linear Accelerator,text,AFR,Africa,Country,CPV,Cabo Verde,Year,2013,true,,,,,,,,,,,,,0,,,,,,0,,,EN,2014-03-04T22:00:00.000Z
DEVICES12,Total density per million population: Linear Accelerator,text,WPR,Western Pacific,Country,KHM,Cambodia,Year,2013,true,,,,,,,,,,,,,0,,,,,,0,,,EN,2014-03-04T22:00:00.000Z
DEVICES12,Total density per million population: Linear Accelerator,text,AFR,Africa,Country,CMR,Cameroon,Year,2013,true,,,,,,,,,,,,,0,,,,,,0,,,EN,2014-03-04T22:00:00.000Z
DEVICES12,Total density per million population: Linear Accelerator,text,AFR,Africa,Country,CAF,Central African Republic,Year,2013,true,,,,,,,,,,,,,0,,,,,,0,,,EN,2014-03-04T22:00:00.000Z
DEVICES12,Total density per million population: Linear Accelerator,text,AFR,Africa,Country,COM,Comoros,Year,2013,true,,,,,,,,,,,,,0,,,,,,0,,,EN,2014-03-04T22:00:00.000Z
DEVICES12,Total density per million population: Linear Accelerator,text,AMR,Americas,Country,DMA,Dominica,Year,2013,true,,,,,,,,,,,,,0,,,,,,0,,,EN,2014-03-04T22:00:00.000Z
DEVICES12,Total density per million population: Linear Accelerator,text,AFR,Africa,Country,ERI,Eritrea,Year,2013,true,,,,,,,,,,,,,0,,,,,,0,,,EN,2014-03-04T22:00:00.000Z
DEVICES12,Total density per million population: Linear Accelerator,text,AFR,Africa,Country,SWZ,Eswatini,Year,2013,true,,,,,,,,,,,,,0,,,,,,0,,,EN,2014-03-04T22:00:00.000Z
DEVICES12,Total density per million population: Linear Accelerator,text,AFR,Africa,Country,ETH,Ethiopia,Year,2013,true,,,,,,,,,,,,,0,,,,,,0,,,EN,2014-03-04T22:00:00.000Z
DEVICES12,Total density per million population: Linear Accelerator,text,WPR,Western Pacific,Country,FJI,Fiji,Year,2013,true,,,,,,,,,,,,,0,,,,,,0,,,EN,2014-03-04T22:00:00.000Z
DEVICES12,Total density per million population: Linear Accelerator,text,AFR,Africa,Country,GAB,Gabon,Year,2013,true,,,,,,,,,,,,,0,,,,,,0,,,EN,2014-03-04T22:00:00.000Z
DEVICES12,Total density per million population: Linear Accelerator,text,AFR,Africa,Country,GMB,Gambia,Year,2013,true,,,,,,,,,,,,,0,,,,,,0,,Only private sector data,EN,2014-03-04T22:00:00.000Z
DEVICES12,Total density per million population: Linear Accelerator,text,AMR,Americas,Country,GRD,Grenada,Year,2013,true,,,,,,,,,,,,,0,,,,,,0,,,EN,2014-03-04T22:00:00.000Z
DEVICES12,Total density per million population: Linear Accelerator,text,AFR,Africa,Country,GIN,Guinea,Year,2013,true,,,,,,,,,,,,,0,,,,,,0,,Only public sector data,EN,2014-03-04T22:00:00.000Z
DEVICES12,Total density per million population: Linear Accelerator,text,AFR,Africa,Country,GNB,Guinea-Bissau,Year,2013,true,,,,,,,,,,,,,0,,,,,,0,,,EN,2014-03-04T22:00:00.000Z
DEVICES12,Total density per million population: Linear Accelerator,text,AFR,Africa,Country,KEN,Kenya,Year,2013,true,,,,,,,,,,,,,0,,,,,,0,,,EN,2014-03-04T22:00:00.000Z
DEVICES12,Total density per million population: Linear Accelerator,text,WPR,Western Pacific,Country,KIR,Kiribati,Year,2013,true,,,,,,,,,,,,,0,,,,,,0,,,EN,2014-03-04T22:00:00.000Z
DEVICES12,Total density per million population: Linear Accelerator,text,WPR,Western Pacific,Country,LAO,Lao People's Democratic Republic,Year,2013,true,,,,,,,,,,,,,0,,,,,,0,,,EN,2014-03-04T22:00:00.000Z
DEVICES12,Total density per million population: Linear Accelerator,text,AFR,Africa,Country,MDG,Madagascar,Year,2013,true,,,,,,,,,,,,,0,,,,,,0,,Only public sector data,EN,2014-03-04T22:00:00.000Z
DEVICES12,Total density per million population: Linear Accelerator,text,AFR,Africa,Country,MWI,Malawi,Year,2013,true,,,,,,,,,,,,,0,,,,,,0,,,EN,2014-03-04T22:00:00.000Z
DEVICES12,Total density per million population: Linear Accelerator,text,SEAR,South-East Asia,Country,MDV,Maldives,Year,2013,true,,,,,,,,,,,,,0,,,,,,0,,,EN,2014-03-04T22:00:00.000Z
DEVICES12,Total density per million population: Linear Accelerator,text,WPR,Western Pacific,Country,MHL,Marshall Islands,Year,2013,true,,,,,,,,,,,,,0,,,,,,0,,,EN,2014-03-04T22:00:00.000Z
DEVICES12,Total density per million population: Linear Accelerator,text,WPR,Western Pacific,Country,FSM,Micronesia (Federated States of),Year,2013,true,,,,,,,,,,,,,0,,,,,,0,,,EN,2014-03-04T22:00:00.000Z
DEVICES12,Total density per million population: Linear Accelerator,text,AFR,Africa,Country,NAM,Namibia,Year,2013,true,,,,,,,,,,,,,0,,,,,,0,,,EN,2014-03-04T22:00:00.000Z
DEVICES12,Total density per million population: Linear Accelerator,text,AFR,Africa,Country,NER,Niger,Year,2013,true,,,,,,,,,,,,,0,,,,,,0,,,EN,2014-03-04T22:00:00.000Z
DEVICES12,Total density per million population: Linear Accelerator,text,WPR,Western Pacific,Country,PNG,Papua New Guinea,Year,2013,true,,,,,,,,,,,,,0,,,,,,0,,,EN,2014-03-04T22:00:00.000Z
DEVICES12,Total density per million population: Linear Accelerator,text,AMR,Americas,Country,KNA,Saint Kitts and Nevis,Year,2013,true,,,,,,,,,,,,,0,,,,,,0,,,EN,2014-03-04T22:00:00.000Z
DEVICES12,Total density per million population: Linear Accelerator,text,AMR,Americas,Country,LCA,Saint Lucia,Year,2013,true,,,,,,,,,,,,,0,,,,,,0,,,EN,2014-03-04T22:00:00.000Z
DEVICES12,Total density per million population: Linear Accelerator,text,AMR,Americas,Country,VCT,Saint Vincent and the Grenadines,Year,2013,true,,,,,,,,,,,,,0,,,,,,0,,,EN,2014-03-04T22:00:00.000Z
DEVICES12,Total density per million population: Linear Accelerator,text,WPR,Western Pacific,Country,WSM,Samoa,Year,2013,true,,,,,,,,,,,,,0,,,,,,0,,,EN,2014-03-04T22:00:00.000Z
DEVICES12,Total density per million population: Linear Accelerator,text,EUR,Europe,Country,SMR,San Marino,Year,2013,true,,,,,,,,,,,,,0,,,,,,0,,,EN,2014-03-04T22:00:00.000Z
DEVICES12,Total density per million population: Linear Accelerator,text,AFR,Africa,Country,SEN,Senegal,Year,2013,true,,,,,,,,,,,,,0,,,,,,0,,Only public sector data,EN,2014-03-04T22:00:00.000Z
DEVICES12,Total density per million population: Linear Accelerator,text,EUR,Europe,Country,TJK,Tajikistan,Year,2013,true,,,,,,,,,,,,,0,,,,,,0,,Only public sector data,EN,2014-03-04T22:00:00.000Z
DEVICES12,Total density per million population: Linear Accelerator,text,WPR,Western Pacific,Country,TON,Tonga,Year,2013,true,,,,,,,,,,,,,0,,,,,,0,,,EN,2014-03-04T22:00:00.000Z
DEVICES12,Total density per million population: Linear Accelerator,text,AFR,Africa,Country,UGA,Uganda,Year,2013,true,,,,,,,,,,,,,0,,,,,,0,,,EN,2014-03-04T22:00:00.000Z
DEVICES12,Total density per million population: Linear Accelerator,text,WPR,Western Pacific,Country,VUT,Vanuatu,Year,2013,true,,,,,,,,,,,,,0,,,,,,0,,,EN,2014-03-04T22:00:00.000Z
DEVICES12,Total density per million population: Linear Accelerator,text,AFR,Africa,Country,COD,Democratic Republic of the Congo,Year,2013,true,,,,,,,,,,,,,0.015,,,,,,0.01,,,EN,2014-03-04T22:00:00.000Z
DEVICES12,Total density per million population: Linear Accelerator,text,EUR,Europe,Country,UZB,Uzbekistan,Year,2013,true,,,,,,,,,,,,,0.035,,,,,,0.03,,"Data from <a href=""http://www-naweb.iaea.org/nahu/dirac/query3.asp"" target=""_blank"">DIRA IAEA radiotherapy database</a>, accessed on February 2014",EN,2014-03-04T22:00:00.000Z
DEVICES12,Total density per million population: Linear Accelerator,text,SEAR,South-East Asia,Country,BGD,Bangladesh,Year,2013,true,,,,,,,,,,,,,0.045,,,,,,0.04,,"Data from <a href=""http://www-naweb.iaea.org/nahu/dirac/query3.asp"" target=""_blank"">DIRA IAEA radiotherapy database</a>, accessed on February 2014",EN,2014-03-04T22:00:00.000Z
DEVICES12,Total density per million population: Linear Accelerator,text,SEAR,South-East Asia,Country,PRK,Democratic People's Republic of Korea,Year,2013,true,,,,,,,,,,,,,0.04,,,,,,0.04,,"Data from <a href=""http://www-naweb.iaea.org/nahu/dirac/query3.asp"" target=""_blank"">DIRA IAEA radiotherapy database</a>, accessed on February 2014",EN,2014-03-04T22:00:00.000Z
DEVICES12,Total density per million population: Linear Accelerator,text,EMR,Eastern Mediterranean,Country,PAK,Pakistan,Year,2013,true,,,,,,,,,,,,,0.044,,,,,,0.04,,,EN,2014-03-04T22:00:00.000Z
DEVICES12,Total density per million population: Linear Accelerator,text,EMR,Eastern Mediterranean,Country,YEM,Yemen,Year,2013,true,,,,,,,,,,,,,0.041,,,,,,0.04,,,EN,2014-03-04T22:00:00.000Z
DEVICES12,Total density per million population: Linear Accelerator,text,AFR,Africa,Country,NGA,Nigeria,Year,2013,true,,,,,,,,,,,,,0.046,,,,,,0.05,,"Data from <a href=""http://www-naweb.iaea.org/nahu/dirac/query3.asp"" target=""_blank"">DIRA IAEA radiotherapy database</a>, accessed on February 2014",EN,2014-03-04T22:00:00.000Z
DEVICES12,Total density per million population: Linear Accelerator,text,EMR,Eastern Mediterranean,Country,SYR,Syrian Arab Republic,Year,2013,true,,,,,,,,,,,,,0.046,,,,,,0.05,,"Data from <a href=""http://www-naweb.iaea.org/nahu/dirac/query3.asp"" target=""_blank"">DIRA IAEA radiotherapy database</a>, accessed on February 2014",EN,2014-03-04T22:00:00.000Z
DEVICES12,Total density per million population: Linear Accelerator,text,AFR,Africa,Country,MLI,Mali,Year,2013,true,,,,,,,,,,,,,0.065,,,,,,0.07,,,EN,2014-03-04T22:00:00.000Z
DEVICES12,Total density per million population: Linear Accelerator,text,AFR,Africa,Country,ZMB,Zambia,Year,2013,true,,,,,,,,,,,,,0.069,,,,,,0.07,,,EN,2014-03-04T22:00:00.000Z
DEVICES12,Total density per million population: Linear Accelerator,text,WPR,Western Pacific,Country,IDN,Indonesia,Year,2013,true,,,,,,,,,,,,,0.084,,,,,,0.08,,"Data from <a href=""http://www-naweb.iaea.org/nahu/dirac/query3.asp"" target=""_blank"">DIRA IAEA radiotherapy database</a>, accessed on February 2014",EN,2014-03-04T22:00:00.000Z
DEVICES12,Total density per million population: Linear Accelerator,text,EMR,Eastern Mediterranean,Country,SDN,Sudan,Year,2013,true,,,,,,,,,,,,,0.079,,,,,,0.08,,,EN,2014-03-04T22:00:00.000Z
DEVICES12,Total density per million population: Linear Accelerator,text,AMR,Americas,Country,BOL,Bolivia (Plurinational State of),Year,2013,true,,,,,,,,,,,,,0.094,,,,,,0.09,,"Data from <a href=""http://www-naweb.iaea.org/nahu/dirac/query3.asp"" target=""_blank"">DIRA IAEA radiotherapy database</a>, accessed on February 2014",EN,2014-03-04T22:00:00.000Z
DEVICES12,Total density per million population: Linear Accelerator,text,SEAR,South-East Asia,Country,LKA,Sri Lanka,Year,2013,true,,,,,,,,,,,,,0.094,,,,,,0.09,,,EN,2014-03-04T22:00:00.000Z
DEVICES12,Total density per million population: Linear Accelerator,text,EMR,Eastern Mediterranean,Country,SAU,Saudi Arabia,Year,2013,true,,,,,,,,,,,,,0.1,,,,,,0.1,,Only public sector data,EN,2014-03-04T22:00:00.000Z
DEVICES12,Total density per million population: Linear Accelerator,text,SEAR,South-East Asia,Country,NPL,Nepal,Year,2013,true,,,,,,,,,,,,,0.11,,,,,,0.11,,"Data from <a href=""http://www-naweb.iaea.org/nahu/dirac/query3.asp"" target=""_blank"">DIRA IAEA radiotherapy database</a>, accessed on February 2014",EN,2014-03-04T22:00:00.000Z
DEVICES12,Total density per million population: Linear Accelerator,text,EMR,Eastern Mediterranean,Country,IRQ,Iraq,Year,2013,true,,,,,,,,,,,,,0.12,,,,,,0.12,,Only public sector data,EN,2014-03-04T22:00:00.000Z
DEVICES12,Total density per million population: Linear Accelerator,text,SEAR,South-East Asia,Country,IND,India,Year,2013,true,,,,,,,,,,,,,0.15,,,,,,0.15,,"Data from <a href=""http://www-naweb.iaea.org/nahu/dirac/query3.asp"" target=""_blank"">DIRA IAEA radiotherapy database</a>, accessed on February 2014",EN,2014-03-04T22:00:00.000Z
DEVICES12,Total density per million population: Linear Accelerator,text,AMR,Americas,Country,PRY,Paraguay,Year,2013,true,,,,,,,,,,,,,0.15,,,,,,0.15,,Only public sector data,EN,2014-03-04T22:00:00.000Z
DEVICES12,Total density per million population: Linear Accelerator,text,EMR,Eastern Mediterranean,Country,LBY,Libya,Year,2013,true,,,,,,,,,,,,,0.16,,,,,,0.16,,,EN,2014-03-04T22:00:00.000Z
DEVICES12,Total density per million population: Linear Accelerator,text,AMR,Americas,Country,NIC,Nicaragua,Year,2013,true,,,,,,,,,,,,,0.16,,,,,,0.16,,Only public sector data,EN,2014-03-04T22:00:00.000Z
DEVICES12,Total density per million population: Linear Accelerator,text,AMR,Americas,Country,MEX,Mexico,Year,2013,true,,,,,,,,,,,,,0.17,,,,,,0.17,,,EN,2014-03-04T22:00:00.000Z
DEVICES12,Total density per million population: Linear Accelerator,text,EUR,Europe,Country,KGZ,Kyrgyzstan,Year,2013,true,,,,,,,,,,,,,0.18,,,,,,0.18,,"Data from <a href=""http://www-naweb.iaea.org/nahu/dirac/query3.asp"" target=""_blank"">DIRA IAEA radiotherapy database</a>, accessed on February 2014",EN,2014-03-04T22:00:00.000Z
DEVICES12,Total density per million population: Linear Accelerator,text,WPR,Western Pacific,Country,PHL,Philippines,Year,2013,true,,,,,,,,,,,,,0.18,,,,,,0.18,,,EN,2014-03-04T22:00:00.000Z
DEVICES12,Total density per million population: Linear Accelerator,text,WPR,Western Pacific,Country,VNM,Viet Nam,Year,2013,true,,,,,,,,,,,,,0.2,,,,,,0.2,,"Data from <a href=""http://www-naweb.iaea.org/nahu/dirac/query3.asp"" target=""_blank"">DIRA IAEA radiotherapy database</a>, accessed on February 2014",EN,2014-03-04T22:00:00.000Z
DEVICES12,Total density per million population: Linear Accelerator,text,AFR,Africa,Country,ZWE,Zimbabwe,Year,2013,true,,,,,,,,,,,,,0.21,,,,,,0.21,,,EN,2014-03-04T22:00:00.000Z
DEVICES12,Total density per million population: Linear Accelerator,text,AMR,Americas,Country,HND,Honduras,Year,2013,true,,,,,,,,,,,,,0.25,,,,,,0.25,,,EN,2014-03-04T22:00:00.000Z
DEVICES12,Total density per million population: Linear Accelerator,text,AFR,Africa,Country,MRT,Mauritania,Year,2013,true,,,,,,,,,,,,,0.26,,,,,,0.26,,"Data from <a href=""http://www-naweb.iaea.org/nahu/dirac/query3.asp"" target=""_blank"">DIRA IAEA radiotherapy database</a>, accessed on February 2014",EN,2014-03-04T22:00:00.000Z
DEVICES12,Total density per million population: Linear Accelerator,text,EUR,Europe,Country,MDA,Republic of Moldova,Year,2013,true,,,,,,,,,,,,,0.29,,,,,,0.29,,,EN,2014-03-04T22:00:00.000Z
DEVICES12,Total density per million population: Linear Accelerator,text,AMR,Americas,Country,SLV,El Salvador,Year,2013,true,,,,,,,,,,,,,0.32,,,,,,0.32,,,EN,2014-03-04T22:00:00.000Z
DEVICES12,Total density per million population: Linear Accelerator,text,EMR,Eastern Mediterranean,Country,MAR,Morocco,Year,2013,true,,,,,,,,,,,,,0.33,,,,,,0.33,,Only public sector data,EN,2014-03-04T22:00:00.000Z
DEVICES12,Total density per million population: Linear Accelerator,text,EUR,Europe,Country,ARM,Armenia,Year,2013,true,,,,,,,,,,,,,0.34,,,,,,0.34,,,EN,2014-03-04T22:00:00.000Z
DEVICES12,Total density per million population: Linear Accelerator,text,WPR,Western Pacific,Country,MNG,Mongolia,Year,2013,true,,,,,,,,,,,,,0.35,,,,,,0.35,,Only public sector data,EN,2014-03-04T22:00:00.000Z
DEVICES12,Total density per million population: Linear Accelerator,text,AMR,Americas,Country,CUB,Cuba,Year,2013,true,,,,,,,,,,,,,0.36,,,,,,0.36,,Only public sector data,EN,2014-03-04T22:00:00.000Z
DEVICES12,Total density per million population: Linear Accelerator,text,AFR,Africa,Country,ZAF,South Africa,Year,2013,true,,,,,,,,,,,,,0.4,,,,,,0.4,,Only public sector data,EN,2014-03-04T22:00:00.000Z
DEVICES12,Total density per million population: Linear Accelerator,text,EUR,Europe,Country,KAZ,Kazakhstan,Year,2013,true,,,,,,,,,,,,,0.43,,,,,,0.43,,Only public sector data,EN,2014-03-04T22:00:00.000Z
DEVICES12,Total density per million population: Linear Accelerator,text,EUR,Europe,Country,UKR,Ukraine,Year,2013,true,,,,,,,,,,,,,0.44,,,,,,0.44,,"Data from <a href=""http://www-naweb.iaea.org/nahu/dirac/query3.asp"" target=""_blank"">DIRA IAEA radiotherapy database</a>, accessed on February 2014",EN,2014-03-04T22:00:00.000Z
DEVICES12,Total density per million population: Linear Accelerator,text,AMR,Americas,Country,GTM,Guatemala,Year,2013,true,,,,,,,,,,,,,0.45,,,,,,0.45,,"Data from <a href=""http://www-naweb.iaea.org/nahu/dirac/query3.asp"" target=""_blank"">DIRA IAEA radiotherapy database</a>, accessed on February 2014",EN,2014-03-04T22:00:00.000Z
DEVICES12,Total density per million population: Linear Accelerator,text,EUR,Europe,Country,ROU,Romania,Year,2013,true,,,,,,,,,,,,,0.51,,,,,,0.51,,,EN,2014-03-04T22:00:00.000Z
DEVICES12,Total density per million population: Linear Accelerator,text,EMR,Eastern Mediterranean,Country,EGY,Egypt,Year,2013,true,,,,,,,,,,,,,0.52,,,,,,0.52,,"Data from <a href=""http://www-naweb.iaea.org/nahu/dirac/query3.asp"" target=""_blank"">DIRA IAEA radiotherapy database</a>, accessed on February 2014",EN,2014-03-04T22:00:00.000Z
DEVICES12,Total density per million population: Linear Accelerator,text,EMR,Eastern Mediterranean,Country,ARE,United Arab Emirates,Year,2013,true,,,,,,,,,,,,,0.53,,,,,,0.53,,"Data from <a href=""http://www-naweb.iaea.org/nahu/dirac/query3.asp"" target=""_blank"">DIRA IAEA radiotherapy database</a>, accessed on February 2014",EN,2014-03-04T22:00:00.000Z
DEVICES12,Total density per million population: Linear Accelerator,text,EMR,Eastern Mediterranean,Country,IRN,Iran (Islamic Republic of),Year,2013,true,,,,,,,,,,,,,0.54,,,,,,0.54,,"Data from <a href=""http://www-naweb.iaea.org/nahu/dirac/query3.asp"" target=""_blank"">DIRA IAEA radiotherapy database</a>, accessed on February 2014",EN,2014-03-04T22:00:00.000Z
DEVICES12,Total density per million population: Linear Accelerator,text,EMR,Eastern Mediterranean,Country,JOR,Jordan,Year,2013,true,,,,,,,,,,,,,0.55,,,,,,0.55,,,EN,2014-03-04T22:00:00.000Z
DEVICES12,Total density per million population: Linear Accelerator,text,EMR,Eastern Mediterranean,Country,OMN,Oman,Year,2013,true,,,,,,,,,,,,,0.55,,,,,,0.55,,,EN,2014-03-04T22:00:00.000Z
DEVICES12,Total density per million population: Linear Accelerator,text,EMR,Eastern Mediterranean,Country,KWT,Kuwait,Year,2013,true,,,,,,,,,,,,,0.59,,,,,,0.59,,"Data from <a href=""http://www-naweb.iaea.org/nahu/dirac/query3.asp"" target=""_blank"">DIRA IAEA radiotherapy database</a>, accessed on February 2014",EN,2014-03-04T22:00:00.000Z
DEVICES12,Total density per million population: Linear Accelerator,text,SEAR,South-East Asia,Country,THA,Thailand,Year,2013,true,,,,,,,,,,,,,0.63,,,,,,0.63,,,EN,2014-03-04T22:00:00.000Z
DEVICES12,Total density per million population: Linear Accelerator,text,EUR,Europe,Country,BLR,Belarus,Year,2013,true,,,,,,,,,,,,,0.64,,,,,,0.64,,Only public sector data,EN,2014-03-04T22:00:00.000Z
DEVICES12,Total density per million population: Linear Accelerator,text,EMR,Eastern Mediterranean,Country,TUN,Tunisia,Year,2013,true,,,,,,,,,,,,,0.64,,,,,,0.64,,,EN,2014-03-04T22:00:00.000Z
DEVICES12,Total density per million population: Linear Accelerator,text,AMR,Americas,Country,CHL,Chile,Year,2013,true,,,,,,,,,,,,,0.68,,,,,,0.68,,Only public sector data,EN,2014-03-04T22:00:00.000Z
DEVICES12,Total density per million population: Linear Accelerator,text,EUR,Europe,Country,BGR,Bulgaria,Year,2013,true,,,,,,,,,,,,,0.69,,,,,,0.69,,"Data from <a href=""http://www-naweb.iaea.org/nahu/dirac/query3.asp"" target=""_blank"">DIRA IAEA radiotherapy database</a>, accessed on February 2014",EN,2014-03-04T22:00:00.000Z
DEVICES12,Total density per million population: Linear Accelerator,text,EUR,Europe,Country,GEO,Georgia,Year,2013,true,,,,,,,,,,,,,0.69,,,,,,0.69,,,EN,2014-03-04T22:00:00.000Z
DEVICES12,Total density per million population: Linear Accelerator,text,WPR,Western Pacific,Country,CHN,China,Year,2013,true,,,,,,,,,,,,,0.73,,,,,,0.73,,"Data from <a href=""http://www-naweb.iaea.org/nahu/dirac/query3.asp"" target=""_blank"">DIRA IAEA radiotherapy database</a>, accessed on February 2014",EN,2014-03-04T22:00:00.000Z
DEVICES12,Total density per million population: Linear Accelerator,text,AMR,Americas,Country,COL,Colombia,Year,2013,true,,,,,,,,,,,,,0.75,,,,,,0.75,,"Data from <a href=""http://www-naweb.iaea.org/nahu/dirac/query3.asp"" target=""_blank"">DIRA IAEA radiotherapy database</a>, accessed on February 2014",EN,2014-03-04T22:00:00.000Z
DEVICES12,Total density per million population: Linear Accelerator,text,EUR,Europe,Country,RUS,Russian Federation,Year,2013,true,,,,,,,,,,,,,0.77,,,,,,0.77,,"Data from <a href=""http://www-naweb.iaea.org/nahu/dirac/query3.asp"" target=""_blank"">DIRA IAEA radiotherapy database</a>, accessed on February 2014",EN,2014-03-04T22:00:00.000Z
DEVICES12,Total density per million population: Linear Accelerator,text,AFR,Africa,Country,MUS,Mauritius,Year,2013,true,,,,,,,,,,,,,0.8,,,,,,0.8,,,EN,2014-03-04T22:00:00.000Z
DEVICES12,Total density per million population: Linear Accelerator,text,AMR,Americas,Country,PER,Peru,Year,2013,true,,,,,,,,,,,,,0.82,,,,,,0.82,,"Data from <a href=""http://www-naweb.iaea.org/nahu/dirac/query3.asp"" target=""_blank"">DIRA IAEA radiotherapy database</a>, accessed on February 2014",EN,2014-03-04T22:00:00.000Z
DEVICES12,Total density per million population: Linear Accelerator,text,EMR,Eastern Mediterranean,Country,QAT,Qatar,Year,2013,true,,,,,,,,,,,,,0.92,,,,,,0.92,,,EN,2014-03-04T22:00:00.000Z
DEVICES12,Total density per million population: Linear Accelerator,text,AMR,Americas,Country,DOM,Dominican Republic,Year,2013,true,,,,,,,,,,,,,0.96,,,,,,0.96,,"Data from <a href=""http://www-naweb.iaea.org/nahu/dirac/query3.asp"" target=""_blank"">DIRA IAEA radiotherapy database</a>, accessed on February 2014",EN,2014-03-04T22:00:00.000Z
DEVICES12,Total density per million population: Linear Accelerator,text,EUR,Europe,Country,HUN,Hungary,Year,2013,true,,,,,,,,,,,,,1.1,,,,,,1.1,,,EN,2014-03-04T22:00:00.000Z
DEVICES12,Total density per million population: Linear Accelerator,text,AMR,Americas,Country,CRI,Costa Rica,Year,2013,true,,,,,,,,,,,,,1.23,,,,,,1.23,,,EN,2014-03-04T22:00:00.000Z
DEVICES12,Total density per million population: Linear Accelerator,text,EMR,Eastern Mediterranean,Country,LBN,Lebanon,Year,2013,true,,,,,,,,,,,,,1.24,,,,,,1.24,,,EN,2014-03-04T22:00:00.000Z
DEVICES12,Total density per million population: Linear Accelerator,text,AMR,Americas,Country,GUY,Guyana,Year,2013,true,,,,,,,,,,,,,1.25,,,,,,1.25,,Only private sector data,EN,2014-03-04T22:00:00.000Z
DEVICES12,Total density per million population: Linear Accelerator,text,EUR,Europe,Country,SRB,Serbia,Year,2013,true,,,,,,,,,,,,,1.37,,,,,,1.37,,,EN,2014-03-04T22:00:00.000Z
DEVICES12,Total density per million population: Linear Accelerator,text,WPR,Western Pacific,Country,MYS,Malaysia,Year,2013,true,,,,,,,,,,,,,1.41,,,,,,1.41,,,EN,2014-03-04T22:00:00.000Z
DEVICES12,Total density per million population: Linear Accelerator,text,AMR,Americas,Country,BRA,Brazil,Year,2013,true,,,,,,,,,,,,,1.43,,,,,,1.43,,"Data from <a href=""http://www-naweb.iaea.org/nahu/dirac/query3.asp"" target=""_blank"">DIRA IAEA radiotherapy database</a>, accessed on February 2014",EN,2014-03-04T22:00:00.000Z
DEVICES12,Total density per million population: Linear Accelerator,text,EUR,Europe,Country,TUR,Türkiye,Year,2013,true,,,,,,,,,,,,,1.43,,,,,,1.43,,,EN,2014-03-04T22:00:00.000Z
DEVICES12,Total density per million population: Linear Accelerator,text,AMR,Americas,Country,TTO,Trinidad and Tobago,Year,2013,true,,,,,,,,,,,,,1.49,,,,,,1.49,,,EN,2014-03-04T22:00:00.000Z
DEVICES12,Total density per million population: Linear Accelerator,text,AMR,Americas,Country,PAN,Panama,Year,2013,true,,,,,,,,,,,,,1.55,,,,,,1.55,,,EN,2014-03-04T22:00:00.000Z
DEVICES12,Total density per million population: Linear Accelerator,text,EUR,Europe,Country,AZE,Azerbaijan,Year,2013,true,,,,,,,,,,,,,1.59,,,,,,1.59,,Only public sector data,EN,2014-03-04T22:00:00.000Z
DEVICES12,Total density per million population: Linear Accelerator,text,AMR,Americas,Country,VEN,Venezuela (Bolivarian Republic of),Year,2013,true,,,,,,,,,,,,,1.61,,,,,,1.61,,"Data from <a href=""http://www-naweb.iaea.org/nahu/dirac/query3.asp"" target=""_blank"">DIRA IAEA radiotherapy database</a>, accessed on February 2014",EN,2014-03-04T22:00:00.000Z
DEVICES12,Total density per million population: Linear Accelerator,text,AMR,Americas,Country,ARG,Argentina,Year,2013,true,,,,,,,,,,,,,1.93,,,,,,1.93,,"Data from <a href=""http://www-naweb.iaea.org/nahu/dirac/query3.asp"" target=""_blank"">DIRA IAEA radiotherapy database</a>, accessed on February 2014",EN,2014-03-04T22:00:00.000Z
DEVICES12,Total density per million population: Linear Accelerator,text,AMR,Americas,Country,USA,United States of America,Year,2013,true,,,,,,,,,,,,,11.93,,,,,,11.93,,"Data from <a href=""http://www-naweb.iaea.org/nahu/dirac/query3.asp"" target=""_blank"">DIRA IAEA radiotherapy database</a>, accessed on February 2014",EN,2014-03-04T22:00:00.000Z
DEVICES12,Total density per million population: Linear Accelerator,text,EUR,Europe,Country,HRV,Croatia,Year,2013,true,,,,,,,,,,,,,2.33,,,,,,2.33,,,EN,2014-03-04T22:00:00.000Z
DEVICES12,Total density per million population: Linear Accelerator,text,EUR,Europe,Country,EST,Estonia,Year,2013,true,,,,,,,,,,,,,2.33,,,,,,2.33,,,EN,2014-03-04T22:00:00.000Z
DEVICES12,Total density per million population: Linear Accelerator,text,EUR,Europe,Country,MLT,Malta,Year,2013,true,,,,,,,,,,,,,2.33,,,,,,2.33,,,EN,2014-03-04T22:00:00.000Z
DEVICES12,Total density per million population: Linear Accelerator,text,EUR,Europe,Country,BIH,Bosnia and Herzegovina,Year,2013,true,,,,,,,,,,,,,2.35,,,,,,2.35,,,EN,2014-03-04T22:00:00.000Z
DEVICES12,Total density per million population: Linear Accelerator,text,EUR,Europe,Country,POL,Poland,Year,2013,true,,,,,,,,,,,,,2.59,,,,,,2.59,,Only public sector data,EN,2014-03-04T22:00:00.000Z
DEVICES12,Total density per million population: Linear Accelerator,text,EUR,Europe,Country,CYP,Cyprus,Year,2013,true,,,,,,,,,,,,,2.63,,,,,,2.63,,,EN,2014-03-04T22:00:00.000Z
DEVICES12,Total density per million population: Linear Accelerator,text,AMR,Americas,Country,BHS,Bahamas,Year,2013,true,,,,,,,,,,,,,2.65,,,,,,2.65,,,EN,2014-03-04T22:00:00.000Z
DEVICES12,Total density per million population: Linear Accelerator,text,WPR,Western Pacific,Country,KOR,Republic of Korea,Year,2013,true,,,,,,,,,,,,,2.8,,,,,,2.8,,Only private sector data,EN,2014-03-04T22:00:00.000Z
DEVICES12,Total density per million population: Linear Accelerator,text,EUR,Europe,Country,SVK,Slovakia,Year,2013,true,,,,,,,,,,,,,2.94,,,,,,2.94,,"Data from <a href=""http://www-naweb.iaea.org/nahu/dirac/query3.asp"" target=""_blank"">DIRA IAEA radiotherapy database</a>, accessed on February 2014",EN,2014-03-04T22:00:00.000Z
DEVICES12,Total density per million population: Linear Accelerator,text,AMR,Americas,Country,URY,Uruguay,Year,2013,true,,,,,,,,,,,,,2.94,,,,,,2.94,,,EN,2014-03-04T22:00:00.000Z
DEVICES12,Total density per million population: Linear Accelerator,text,EUR,Europe,Country,MCO,Monaco,Year,2013,true,,,,,,,,,,,,,26.43,,,,,,26.43,,,EN,2014-03-04T22:00:00.000Z
DEVICES12,Total density per million population: Linear Accelerator,text,EUR,Europe,Country,MNE,Montenegro,Year,2013,true,,,,,,,,,,,,,3.22,,,,,,3.22,,,EN,2014-03-04T22:00:00.000Z
DEVICES12,Total density per million population: Linear Accelerator,text,EUR,Europe,Country,ISR,Israel,Year,2013,true,,,,,,,,,,,,,3.23,,,,,,3.23,,,EN,2014-03-04T22:00:00.000Z
DEVICES12,Total density per million population: Linear Accelerator,text,WPR,Western Pacific,Country,SGP,Singapore,Year,2013,true,,,,,,,,,,,,,3.33,,,,,,3.33,,,EN,2014-03-04T22:00:00.000Z
DEVICES12,Total density per million population: Linear Accelerator,text,EUR,Europe,Country,CZE,Czechia,Year,2013,true,,,,,,,,,,,,,3.46,,,,,,3.46,,,EN,2014-03-04T22:00:00.000Z
DEVICES12,Total density per million population: Linear Accelerator,text,EUR,Europe,Country,PRT,Portugal,Year,2013,true,,,,,,,,,,,,,3.49,,,,,,3.49,,,EN,2014-03-04T22:00:00.000Z
DEVICES12,Total density per million population: Linear Accelerator,text,EUR,Europe,Country,ESP,Spain,Year,2013,true,,,,,,,,,,,,,3.49,,,,,,3.49,,,EN,2014-03-04T22:00:00.000Z
DEVICES12,Total density per million population: Linear Accelerator,text,EUR,Europe,Country,GRC,Greece,Year,2013,true,,,,,,,,,,,,,3.5,,,,,,3.5,,,EN,2014-03-04T22:00:00.000Z
DEVICES12,Total density per million population: Linear Accelerator,text,EUR,Europe,Country,LTU,Lithuania,Year,2013,true,,,,,,,,,,,,,3.65,,,,,,3.65,,,EN,2014-03-04T22:00:00.000Z
DEVICES12,Total density per million population: Linear Accelerator,text,EUR,Europe,Country,IRL,Ireland,Year,2013,true,,,,,,,,,,,,,3.67,,,,,,3.67,,Only public sector data,EN,2014-03-04T22:00:00.000Z
DEVICES12,Total density per million population: Linear Accelerator,text,AMR,Americas,Country,SUR,Suriname,Year,2013,true,,,,,,,,,,,,,3.71,,,,,,3.71,,,EN,2014-03-04T22:00:00.000Z
DEVICES12,Total density per million population: Linear Accelerator,text,EUR,Europe,Country,LUX,Luxembourg,Year,2013,true,,,,,,,,,,,,,3.77,,,,,,3.77,,,EN,2014-03-04T22:00:00.000Z
DEVICES12,Total density per million population: Linear Accelerator,text,WPR,Western Pacific,Country,AUS,Australia,Year,2013,true,,,,,,,,,,,,,4.03,,,,,,4.03,,Only public sector data,EN,2014-03-04T22:00:00.000Z
DEVICES12,Total density per million population: Linear Accelerator,text,EUR,Europe,Country,LVA,Latvia,Year,2013,true,,,,,,,,,,,,,4.39,,,,,,4.39,,"Data from <a href=""http://www-naweb.iaea.org/nahu/dirac/query3.asp"" target=""_blank"">DIRA IAEA radiotherapy database</a>, accessed on February 2014",EN,2014-03-04T22:00:00.000Z
DEVICES12,Total density per million population: Linear Accelerator,text,EUR,Europe,Country,GBR,United Kingdom of Great Britain and Northern Ireland,Year,2013,true,,,,,,,,,,,,,4.97,,,,,,4.97,,"Data from <a href=""http://www-naweb.iaea.org/nahu/dirac/query3.asp"" target=""_blank"">DIRA IAEA radiotherapy database</a>, accessed on February 2014",EN,2014-03-04T22:00:00.000Z
DEVICES12,Total density per million population: Linear Accelerator,text,EUR,Europe,Country,SVN,Slovenia,Year,2013,true,,,,,,,,,,,,,5.31,,,,,,5.31,,Only public sector data,EN,2014-03-04T22:00:00.000Z
DEVICES12,Total density per million population: Linear Accelerator,text,EUR,Europe,Country,AUT,Austria,Year,2013,true,,,,,,,,,,,,,5.41,,,,,,5.41,,Only public sector data,EN,2014-03-04T22:00:00.000Z
DEVICES12,Total density per million population: Linear Accelerator,text,EUR,Europe,Country,ISL,Iceland,Year,2013,true,,,,,,,,,,,,,6.07,,,,,,6.07,,,EN,2014-03-04T22:00:00.000Z
DEVICES12,Total density per million population: Linear Accelerator,text,EUR,Europe,Country,ITA,Italy,Year,2013,true,,,,,,,,,,,,,6.16,,,,,,6.16,,"Data from <a href=""http://www-naweb.iaea.org/nahu/dirac/query3.asp"" target=""_blank"">DIRA IAEA radiotherapy database</a>, accessed on February 2014",EN,2014-03-04T22:00:00.000Z
DEVICES12,Total density per million population: Linear Accelerator,text,EUR,Europe,Country,DEU,Germany,Year,2013,true,,,,,,,,,,,,,6.21,,,,,,6.21,,"Data from <a href=""http://www-naweb.iaea.org/nahu/dirac/query3.asp"" target=""_blank"">DIRA IAEA radiotherapy database</a>, accessed on February 2014",EN,2014-03-04T22:00:00.000Z
DEVICES12,Total density per million population: Linear Accelerator,text,WPR,Western Pacific,Country,JPN,Japan,Year,2013,true,,,,,,,,,,,,,6.68,,,,,,6.68,,"Data from <a href=""http://www-naweb.iaea.org/nahu/dirac/query3.asp"" target=""_blank"">DIRA IAEA radiotherapy database</a>, accessed on February 2014",EN,2014-03-04T22:00:00.000Z
DEVICES12,Total density per million population: Linear Accelerator,text,EUR,Europe,Country,NLD,Netherlands (Kingdom of the),Year,2013,true,,,,,,,,,,,,,7.22,,,,,,7.22,,,EN,2014-03-04T22:00:00.000Z
DEVICES12,Total density per million population: Linear Accelerator,text,EUR,Europe,Country,FIN,Finland,Year,2013,true,,,,,,,,,,,,,7.37,,,,,,7.37,,Only public sector data,EN,2014-03-04T22:00:00.000Z
DEVICES12,Total density per million population: Linear Accelerator,text,EUR,Europe,Country,FRA,France,Year,2013,true,,,,,,,,,,,,,7.4,,,,,,7.4,,"Data from <a href=""http://www-naweb.iaea.org/nahu/dirac/query3.asp"" target=""_blank"">DIRA IAEA radiotherapy database</a>, accessed on February 2014",EN,2014-03-04T22:00:00.000Z
DEVICES12,Total density per million population: Linear Accelerator,text,AMR,Americas,Country,CAN,Canada,Year,2013,true,,,,,,,,,,,,,7.59,,,,,,7.59,,"Data from <a href=""http://www-naweb.iaea.org/nahu/dirac/query3.asp"" target=""_blank"">DIRA IAEA radiotherapy database</a>, accessed on February 2014",EN,2014-03-04T22:00:00.000Z
DEVICES12,Total density per million population: Linear Accelerator,text,EUR,Europe,Country,NOR,Norway,Year,2013,true,,,,,,,,,,,,,7.93,,,,,,7.93,,"Data from <a href=""http://www-naweb.iaea.org/nahu/dirac/query3.asp"" target=""_blank"">DIRA IAEA radiotherapy database</a>, accessed on February 2014",EN,2014-03-04T22:00:00.000Z
DEVICES12,Total density per million population: Linear Accelerator,text,EUR,Europe,Country,BEL,Belgium,Year,2013,true,,,,,,,,,,,,,8.19,,,,,,8.19,,"Data from <a href=""http://www-naweb.iaea.org/nahu/dirac/query3.asp"" target=""_blank"">DIRA IAEA radiotherapy database</a>, accessed on February 2014",EN,2014-03-04T22:00:00.000Z
DEVICES12,Total density per million population: Linear Accelerator,text,EUR,Europe,Country,DNK,Denmark,Year,2013,true,,,,,,,,,,,,,9.61,,,,,,9.61,,,EN,2014-03-04T22:00:00.000Z
DEVICES12,Total density per million population: Linear Accelerator,text,AFR,Africa,Country,COG,Congo,Year,2010,true,,,,,,,,,,,,,0,,,,,,0,,from the DIRA IAEA radiotherapy database (data available online at: http://www-naweb.iaea.org/nahu/dirac/query3.asp),EN,2013-06-10T21:00:00.000Z
DEVICES12,Total density per million population: Linear Accelerator,text,AFR,Africa,Country,MWI,Malawi,Year,2010,false,,,,,,,,,,,,,0,,,,,,0,,,EN,2013-06-10T21:00:00.000Z
DEVICES12,Total density per million population: Linear Accelerator,text,EUR,Europe,Country,TJK,Tajikistan,Year,2010,false,,,,,,,,,,,,,0,,,,,,0,,from the DIRA IAEA radiotherapy database (data available online at: http://www-naweb.iaea.org/nahu/dirac/query3.asp),EN,2013-06-10T21:00:00.000Z
DEVICES12,Total density per million population: Linear Accelerator,text,EMR,Eastern Mediterranean,Country,AFG,Afghanistan,Year,2010,false,,,,,,,,,,,,,0,,,,,,0.00,,,EN,2013-06-10T21:00:00.000Z
DEVICES12,Total density per million population: Linear Accelerator,text,EUR,Europe,Country,ALB,Albania,Year,2010,false,,,,,,,,,,,,,0,,,,,,0.00,,,EN,2013-06-10T21:00:00.000Z
DEVICES12,Total density per million population: Linear Accelerator,text,AFR,Africa,Country,AGO,Angola,Year,2010,false,,,,,,,,,,,,,0,,,,,,0.00,,Only public sector data,EN,2013-06-10T21:00:00.000Z
DEVICES12,Total density per million population: Linear Accelerator,text,AMR,Americas,Country,BRB,Barbados,Year,2010,false,,,,,,,,,,,,,0,,,,,,0.00,,Only public sector data,EN,2013-06-10T21:00:00.000Z
DEVICES12,Total density per million population: Linear Accelerator,text,AMR,Americas,Country,BLZ,Belize,Year,2010,false,,,,,,,,,,,,,0,,,,,,0.00,,,EN,2013-06-10T21:00:00.000Z
DEVICES12,Total density per million population: Linear Accelerator,text,AFR,Africa,Country,BEN,Benin,Year,2010,false,,,,,,,,,,,,,0,,,,,,0.00,,,EN,2013-06-10T21:00:00.000Z
DEVICES12,Total density per million population: Linear Accelerator,text,SEAR,South-East Asia,Country,BTN,Bhutan,Year,2010,false,,,,,,,,,,,,,0,,,,,,0.00,,,EN,2013-06-10T21:00:00.000Z
DEVICES12,Total density per million population: Linear Accelerator,text,AFR,Africa,Country,BWA,Botswana,Year,2010,false,,,,,,,,,,,,,0,,,,,,0.00,,Only public sector data,EN,2013-06-10T21:00:00.000Z
DEVICES12,Total density per million population: Linear Accelerator,text,AFR,Africa,Country,BFA,Burkina Faso,Year,2010,false,,,,,,,,,,,,,0,,,,,,0.00,,,EN,2013-06-10T21:00:00.000Z
DEVICES12,Total density per million population: Linear Accelerator,text,AFR,Africa,Country,BDI,Burundi,Year,2010,false,,,,,,,,,,,,,0,,,,,,0.00,,,EN,2013-06-10T21:00:00.000Z
DEVICES12,Total density per million population: Linear Accelerator,text,AFR,Africa,Country,CIV,Cote d'Ivoire,Year,2010,false,,,,,,,,,,,,,0,,,,,,0.00,,,EN,2013-06-10T21:00:00.000Z
DEVICES12,Total density per million population: Linear Accelerator,text,AFR,Africa,Country,CPV,Cabo Verde,Year,2010,false,,,,,,,,,,,,,0,,,,,,0.00,,,EN,2013-06-10T21:00:00.000Z
DEVICES12,Total density per million population: Linear Accelerator,text,WPR,Western Pacific,Country,KHM,Cambodia,Year,2010,false,,,,,,,,,,,,,0,,,,,,0.00,,,EN,2013-06-10T21:00:00.000Z
DEVICES12,Total density per million population: Linear Accelerator,text,AFR,Africa,Country,CMR,Cameroon,Year,2010,false,,,,,,,,,,,,,0,,,,,,0.00,,,EN,2013-06-10T21:00:00.000Z
DEVICES12,Total density per million population: Linear Accelerator,text,AFR,Africa,Country,CAF,Central African Republic,Year,2010,false,,,,,,,,,,,,,0,,,,,,0.00,,,EN,2013-06-10T21:00:00.000Z
DEVICES12,Total density per million population: Linear Accelerator,text,AFR,Africa,Country,COM,Comoros,Year,2010,false,,,,,,,,,,,,,0,,,,,,0.00,,,EN,2013-06-10T21:00:00.000Z
DEVICES12,Total density per million population: Linear Accelerator,text,AMR,Americas,Country,DMA,Dominica,Year,2010,false,,,,,,,,,,,,,0,,,,,,0.00,,,EN,2013-06-10T21:00:00.000Z
DEVICES12,Total density per million population: Linear Accelerator,text,AFR,Africa,Country,ERI,Eritrea,Year,2010,false,,,,,,,,,,,,,0,,,,,,0.00,,,EN,2013-06-10T21:00:00.000Z
DEVICES12,Total density per million population: Linear Accelerator,text,AFR,Africa,Country,SWZ,Eswatini,Year,2010,false,,,,,,,,,,,,,0,,,,,,0.00,,,EN,2013-06-10T21:00:00.000Z
DEVICES12,Total density per million population: Linear Accelerator,text,AFR,Africa,Country,ETH,Ethiopia,Year,2010,false,,,,,,,,,,,,,0,,,,,,0.00,,,EN,2013-06-10T21:00:00.000Z
DEVICES12,Total density per million population: Linear Accelerator,text,WPR,Western Pacific,Country,FJI,Fiji,Year,2010,false,,,,,,,,,,,,,0,,,,,,0.00,,,EN,2013-06-10T21:00:00.000Z
DEVICES12,Total density per million population: Linear Accelerator,text,AFR,Africa,Country,GAB,Gabon,Year,2010,false,,,,,,,,,,,,,0,,,,,,0.00,,,EN,2013-06-10T21:00:00.000Z
DEVICES12,Total density per million population: Linear Accelerator,text,AFR,Africa,Country,GMB,Gambia,Year,2010,false,,,,,,,,,,,,,0,,,,,,0.00,,Only private sector data,EN,2013-06-10T21:00:00.000Z
DEVICES12,Total density per million population: Linear Accelerator,text,AFR,Africa,Country,GHA,Ghana,Year,2010,true,,,,,,,,,,,,,0,,,,,,0.00,,from the DIRA IAEA radiotherapy database (data available online at: http://www-naweb.iaea.org/nahu/dirac/query3.asp),EN,2013-06-10T21:00:00.000Z
DEVICES12,Total density per million population: Linear Accelerator,text,AMR,Americas,Country,GRD,Grenada,Year,2010,false,,,,,,,,,,,,,0,,,,,,0.00,,,EN,2013-06-10T21:00:00.000Z
DEVICES12,Total density per million population: Linear Accelerator,text,AFR,Africa,Country,GIN,Guinea,Year,2010,false,,,,,,,,,,,,,0,,,,,,0.00,,Only public sector data,EN,2013-06-10T21:00:00.000Z
DEVICES12,Total density per million population: Linear Accelerator,text,AFR,Africa,Country,GNB,Guinea-Bissau,Year,2010,false,,,,,,,,,,,,,0,,,,,,0.00,,,EN,2013-06-10T21:00:00.000Z
DEVICES12,Total density per million population: Linear Accelerator,text,AFR,Africa,Country,KEN,Kenya,Year,2010,false,,,,,,,,,,,,,0,,,,,,0.00,,,EN,2013-06-10T21:00:00.000Z
DEVICES12,Total density per million population: Linear Accelerator,text,WPR,Western Pacific,Country,KIR,Kiribati,Year,2010,false,,,,,,,,,,,,,0,,,,,,0.00,,,EN,2013-06-10T21:00:00.000Z
DEVICES12,Total density per million population: Linear Accelerator,text,WPR,Western Pacific,Country,LAO,Lao People's Democratic Republic,Year,2010,false,,,,,,,,,,,,,0,,,,,,0.00,,,EN,2013-06-10T21:00:00.000Z
DEVICES12,Total density per million population: Linear Accelerator,text,AFR,Africa,Country,LBR,Liberia,Year,2010,true,,,,,,,,,,,,,0,,,,,,0.00,,from the DIRA IAEA radiotherapy database (data available online at: http://www-naweb.iaea.org/nahu/dirac/query3.asp),EN,2013-06-10T21:00:00.000Z
DEVICES12,Total density per million population: Linear Accelerator,text,AFR,Africa,Country,MDG,Madagascar,Year,2010,false,,,,,,,,,,,,,0,,,,,,0.00,,Only public sector data,EN,2013-06-10T21:00:00.000Z
DEVICES12,Total density per million population: Linear Accelerator,text,SEAR,South-East Asia,Country,MDV,Maldives,Year,2010,false,,,,,,,,,,,,,0,,,,,,0.00,,,EN,2013-06-10T21:00:00.000Z
DEVICES12,Total density per million population: Linear Accelerator,text,WPR,Western Pacific,Country,MHL,Marshall Islands,Year,2010,false,,,,,,,,,,,,,0,,,,,,0.00,,,EN,2013-06-10T21:00:00.000Z
DEVICES12,Total density per million population: Linear Accelerator,text,WPR,Western Pacific,Country,FSM,Micronesia (Federated States of),Year,2010,false,,,,,,,,,,,,,0,,,,,,0.00,,,EN,2013-06-10T21:00:00.000Z
DEVICES12,Total density per million population: Linear Accelerator,text,AFR,Africa,Country,MOZ,Mozambique,Year,2010,true,,,,,,,,,,,,,0,,,,,,0.00,,from the DIRA IAEA radiotherapy database (data available online at: http://www-naweb.iaea.org/nahu/dirac/query3.asp),EN,2013-06-10T21:00:00.000Z
DEVICES12,Total density per million population: Linear Accelerator,text,SEAR,South-East Asia,Country,MMR,Myanmar,Year,2010,true,,,,,,,,,,,,,0,,,,,,0.00,,from the DIRA IAEA radiotherapy database (data available online at: http://www-naweb.iaea.org/nahu/dirac/query3.asp),EN,2013-06-10T21:00:00.000Z
DEVICES12,Total density per million population: Linear Accelerator,text,AFR,Africa,Country,NAM,Namibia,Year,2010,false,,,,,,,,,,,,,0,,,,,,0.00,,,EN,2013-06-10T21:00:00.000Z
DEVICES12,Total density per million population: Linear Accelerator,text,AFR,Africa,Country,NER,Niger,Year,2010,false,,,,,,,,,,,,,0,,,,,,0.00,,,EN,2013-06-10T21:00:00.000Z
DEVICES12,Total density per million population: Linear Accelerator,text,WPR,Western Pacific,Country,PNG,Papua New Guinea,Year,2010,false,,,,,,,,,,,,,0,,,,,,0.00,,,EN,2013-06-10T21:00:00.000Z
DEVICES12,Total density per million population: Linear Accelerator,text,AMR,Americas,Country,KNA,Saint Kitts and Nevis,Year,2010,false,,,,,,,,,,,,,0,,,,,,0.00,,,EN,2013-06-10T21:00:00.000Z
DEVICES12,Total density per million population: Linear Accelerator,text,AMR,Americas,Country,LCA,Saint Lucia,Year,2010,false,,,,,,,,,,,,,0,,,,,,0.00,,,EN,2013-06-10T21:00:00.000Z
DEVICES12,Total density per million population: Linear Accelerator,text,AMR,Americas,Country,VCT,Saint Vincent and the Grenadines,Year,2010,false,,,,,,,,,,,,,0,,,,,,0.00,,,EN,2013-06-10T21:00:00.000Z
DEVICES12,Total density per million population: Linear Accelerator,text,WPR,Western Pacific,Country,WSM,Samoa,Year,2010,false,,,,,,,,,,,,,0,,,,,,0.00,,,EN,2013-06-10T21:00:00.000Z
DEVICES12,Total density per million population: Linear Accelerator,text,EUR,Europe,Country,SMR,San Marino,Year,2010,false,,,,,,,,,,,,,0,,,,,,0.00,,,EN,2013-06-10T21:00:00.000Z
DEVICES12,Total density per million population: Linear Accelerator,text,AFR,Africa,Country,SEN,Senegal,Year,2010,false,,,,,,,,,,,,,0,,,,,,0.00,,Only public sector data,EN,2013-06-10T21:00:00.000Z
DEVICES12,Total density per million population: Linear Accelerator,text,AFR,Africa,Country,SYC,Seychelles,Year,2010,true,,,,,,,,,,,,,0,,,,,,0.00,,,EN,2013-06-10T21:00:00.000Z
DEVICES12,Total density per million population: Linear Accelerator,text,WPR,Western Pacific,Country,TON,Tonga,Year,2010,false,,,,,,,,,,,,,0,,,,,,0.00,,,EN,2013-06-10T21:00:00.000Z
DEVICES12,Total density per million population: Linear Accelerator,text,AFR,Africa,Country,UGA,Uganda,Year,2010,false,,,,,,,,,,,,,0,,,,,,0.00,,,EN,2013-06-10T21:00:00.000Z
DEVICES12,Total density per million population: Linear Accelerator,text,AFR,Africa,Country,TZA,United Republic of Tanzania,Year,2010,true,,,,,,,,,,,,,0,,,,,,0.00,,from the DIRA IAEA radiotherapy database (data available online at: http://www-naweb.iaea.org/nahu/dirac/query3.asp),EN,2013-06-10T21:00:00.000Z
DEVICES12,Total density per million population: Linear Accelerator,text,WPR,Western Pacific,Country,VUT,Vanuatu,Year,2010,false,,,,,,,,,,,,,0,,,,,,0.00,,,EN,2013-06-10T21:00:00.000Z
DEVICES12,Total density per million population: Linear Accelerator,text,EMR,Eastern Mediterranean,Country,YEM,Yemen,Year,2010,false,,,,,,,,,,,,,0,,,,,,0.00,,,EN,2013-06-10T21:00:00.000Z
DEVICES12,Total density per million population: Linear Accelerator,text,AFR,Africa,Country,COD,Democratic Republic of the Congo,Year,2010,false,,,,,,,,,,,,,0.02,,,,,,0.02,,,EN,2013-06-10T21:00:00.000Z
DEVICES12,Total density per million population: Linear Accelerator,text,SEAR,South-East Asia,Country,PRK,Democratic People's Republic of Korea,Year,2010,false,,,,,,,,,,,,,0.04,,,,,,0.04,,from the DIRA IAEA radiotherapy database (data available online at: http://www-naweb.iaea.org/nahu/dirac/query3.asp),EN,2013-06-10T21:00:00.000Z
DEVICES12,Total density per million population: Linear Accelerator,text,AFR,Africa,Country,NGA,Nigeria,Year,2010,false,,,,,,,,,,,,,0.04,,,,,,0.04,,from the DIRA IAEA radiotherapy database (data available online at: http://www-naweb.iaea.org/nahu/dirac/query3.asp),EN,2013-06-10T21:00:00.000Z
DEVICES12,Total density per million population: Linear Accelerator,text,EUR,Europe,Country,UZB,Uzbekistan,Year,2010,false,,,,,,,,,,,,,0.04,,,,,,0.04,,from the DIRA IAEA radiotherapy database (data available online at: http://www-naweb.iaea.org/nahu/dirac/query3.asp),EN,2013-06-10T21:00:00.000Z
DEVICES12,Total density per million population: Linear Accelerator,text,SEAR,South-East Asia,Country,BGD,Bangladesh,Year,2010,false,,,,,,,,,,,,,0.05,,,,,,0.05,,from the DIRA IAEA radiotherapy database (data available online at: http://www-naweb.iaea.org/nahu/dirac/query3.asp),EN,2013-06-10T21:00:00.000Z
DEVICES12,Total density per million population: Linear Accelerator,text,EMR,Eastern Mediterranean,Country,PAK,Pakistan,Year,2010,false,,,,,,,,,,,,,0.05,,,,,,0.05,,,EN,2013-06-10T21:00:00.000Z
DEVICES12,Total density per million population: Linear Accelerator,text,EMR,Eastern Mediterranean,Country,SYR,Syrian Arab Republic,Year,2010,false,,,,,,,,,,,,,0.05,,,,,,0.05,,from the DIRA IAEA radiotherapy database (data available online at: http://www-naweb.iaea.org/nahu/dirac/query3.asp),EN,2013-06-10T21:00:00.000Z
DEVICES12,Total density per million population: Linear Accelerator,text,EMR,Eastern Mediterranean,Country,IRN,Iran (Islamic Republic of),Year,2010,false,,,,,,,,,,,,,0.07,,,,,,0.07,,from the DIRA IAEA radiotherapy database (data available online at: http://www-naweb.iaea.org/nahu/dirac/query3.asp),EN,2013-06-10T21:00:00.000Z
DEVICES12,Total density per million population: Linear Accelerator,text,AFR,Africa,Country,MLI,Mali,Year,2010,false,,,,,,,,,,,,,0.07,,,,,,0.07,,,EN,2013-06-10T21:00:00.000Z
DEVICES12,Total density per million population: Linear Accelerator,text,EMR,Eastern Mediterranean,Country,SDN,Sudan,Year,2010,false,,,,,,,,,,,,,0.07,,,,,,0.07,,,EN,2013-06-10T21:00:00.000Z
DEVICES12,Total density per million population: Linear Accelerator,text,WPR,Western Pacific,Country,IDN,Indonesia,Year,2010,false,,,,,,,,,,,,,0.08,,,,,,0.08,,from the DIRA IAEA radiotherapy database (data available online at: http://www-naweb.iaea.org/nahu/dirac/query3.asp),EN,2013-06-10T21:00:00.000Z
DEVICES12,Total density per million population: Linear Accelerator,text,AFR,Africa,Country,ZMB,Zambia,Year,2010,false,,,,,,,,,,,,,0.08,,,,,,0.08,,,EN,2013-06-10T21:00:00.000Z
DEVICES12,Total density per million population: Linear Accelerator,text,AMR,Americas,Country,BOL,Bolivia (Plurinational State of),Year,2010,false,,,,,,,,,,,,,0.1,,,,,,0.10,,from the DIRA IAEA radiotherapy database (data available online at: http://www-naweb.iaea.org/nahu/dirac/query3.asp),EN,2013-06-10T21:00:00.000Z
DEVICES12,Total density per million population: Linear Accelerator,text,SEAR,South-East Asia,Country,NPL,Nepal,Year,2010,false,,,,,,,,,,,,,0.1,,,,,,0.10,,from the DIRA IAEA radiotherapy database (data available online at: http://www-naweb.iaea.org/nahu/dirac/query3.asp),EN,2013-06-10T21:00:00.000Z
DEVICES12,Total density per million population: Linear Accelerator,text,SEAR,South-East Asia,Country,LKA,Sri Lanka,Year,2010,false,,,,,,,,,,,,,0.1,,,,,,0.10,,,EN,2013-06-10T21:00:00.000Z
DEVICES12,Total density per million population: Linear Accelerator,text,EMR,Eastern Mediterranean,Country,SAU,Saudi Arabia,Year,2010,false,,,,,,,,,,,,,0.11,,,,,,0.11,,Only public sector data,EN,2013-06-10T21:00:00.000Z
DEVICES12,Total density per million population: Linear Accelerator,text,EMR,Eastern Mediterranean,Country,IRQ,Iraq,Year,2010,false,,,,,,,,,,,,,0.13,,,,,,0.13,,Only public sector data,EN,2013-06-10T21:00:00.000Z
DEVICES12,Total density per million population: Linear Accelerator,text,SEAR,South-East Asia,Country,IND,India,Year,2010,false,,,,,,,,,,,,,0.14,,,,,,0.14,,from the DIRA IAEA radiotherapy database (data available online at: http://www-naweb.iaea.org/nahu/dirac/query3.asp),EN,2013-06-10T21:00:00.000Z
DEVICES12,Total density per million population: Linear Accelerator,text,AMR,Americas,Country,PRY,Paraguay,Year,2010,false,,,,,,,,,,,,,0.15,,,,,,0.15,,Only public sector data,EN,2013-06-10T21:00:00.000Z
DEVICES12,Total density per million population: Linear Accelerator,text,EMR,Eastern Mediterranean,Country,LBY,Libya,Year,2010,false,,,,,,,,,,,,,0.16,,,,,,0.16,,,EN,2013-06-10T21:00:00.000Z
DEVICES12,Total density per million population: Linear Accelerator,text,AMR,Americas,Country,NIC,Nicaragua,Year,2010,false,,,,,,,,,,,,,0.17,,,,,,0.17,,Only public sector data,EN,2013-06-10T21:00:00.000Z
DEVICES12,Total density per million population: Linear Accelerator,text,WPR,Western Pacific,Country,VNM,Viet Nam,Year,2010,false,,,,,,,,,,,,,0.17,,,,,,0.17,,from the DIRA IAEA radiotherapy database (data available online at: http://www-naweb.iaea.org/nahu/dirac/query3.asp),EN,2013-06-10T21:00:00.000Z
DEVICES12,Total density per million population: Linear Accelerator,text,EUR,Europe,Country,KGZ,Kyrgyzstan,Year,2010,false,,,,,,,,,,,,,0.19,,,,,,0.19,,from the DIRA IAEA radiotherapy database (data available online at: http://www-naweb.iaea.org/nahu/dirac/query3.asp),EN,2013-06-10T21:00:00.000Z
DEVICES12,Total density per million population: Linear Accelerator,text,AMR,Americas,Country,MEX,Mexico,Year,2010,false,,,,,,,,,,,,,0.19,,,,,,0.19,,,EN,2013-06-10T21:00:00.000Z
DEVICES12,Total density per million population: Linear Accelerator,text,WPR,Western Pacific,Country,PHL,Philippines,Year,2010,false,,,,,,,,,,,,,0.19,,,,,,0.19,,,EN,2013-06-10T21:00:00.000Z
DEVICES12,Total density per million population: Linear Accelerator,text,AFR,Africa,Country,DZA,Algeria,Year,2010,false,,,,,,,,,,,,,0.2,,,,,,0.20,,from the DIRA IAEA radiotherapy database (data available online at: http://www-naweb.iaea.org/nahu/dirac/query3.asp),EN,2013-06-10T21:00:00.000Z
DEVICES12,Total density per million population: Linear Accelerator,text,EUR,Europe,Country,UKR,Ukraine,Year,2010,false,,,,,,,,,,,,,0.24,,,,,,0.24,,from the DIRA IAEA radiotherapy database (data available online at: http://www-naweb.iaea.org/nahu/dirac/query3.asp),EN,2013-06-10T21:00:00.000Z
DEVICES12,Total density per million population: Linear Accelerator,text,AFR,Africa,Country,ZWE,Zimbabwe,Year,2010,false,,,,,,,,,,,,,0.24,,,,,,0.24,,,EN,2013-06-10T21:00:00.000Z
DEVICES12,Total density per million population: Linear Accelerator,text,AMR,Americas,Country,HND,Honduras,Year,2010,false,,,,,,,,,,,,,0.26,,,,,,0.26,,,EN,2013-06-10T21:00:00.000Z
DEVICES12,Total density per million population: Linear Accelerator,text,EUR,Europe,Country,MDA,Republic of Moldova,Year,2010,false,,,,,,,,,,,,,0.28,,,,,,0.28,,Only public sector data,EN,2013-06-10T21:00:00.000Z
DEVICES12,Total density per million population: Linear Accelerator,text,AFR,Africa,Country,MRT,Mauritania,Year,2010,false,,,,,,,,,,,,,0.29,,,,,,0.29,,from the DIRA IAEA radiotherapy database (data available online at: http://www-naweb.iaea.org/nahu/dirac/query3.asp),EN,2013-06-10T21:00:00.000Z
DEVICES12,Total density per million population: Linear Accelerator,text,EUR,Europe,Country,ARM,Armenia,Year,2010,false,,,,,,,,,,,,,0.32,,,,,,0.32,,,EN,2013-06-10T21:00:00.000Z
DEVICES12,Total density per million population: Linear Accelerator,text,AMR,Americas,Country,SLV,El Salvador,Year,2010,false,,,,,,,,,,,,,0.32,,,,,,0.32,,,EN,2013-06-10T21:00:00.000Z
DEVICES12,Total density per million population: Linear Accelerator,text,EMR,Eastern Mediterranean,Country,MAR,Morocco,Year,2010,false,,,,,,,,,,,,,0.34,,,,,,0.34,,Only public sector data,EN,2013-06-10T21:00:00.000Z
DEVICES12,Total density per million population: Linear Accelerator,text,AMR,Americas,Country,CUB,Cuba,Year,2010,false,,,,,,,,,,,,,0.36,,,,,,0.36,,Only public sector data,EN,2013-06-10T21:00:00.000Z
DEVICES12,Total density per million population: Linear Accelerator,text,AMR,Americas,Country,JAM,Jamaica,Year,2010,true,,,,,,,,,,,,,0.36,,,,,,0.36,,from the DIRA IAEA radiotherapy database (data available online at: http://www-naweb.iaea.org/nahu/dirac/query3.asp),EN,2013-06-10T21:00:00.000Z
DEVICES12,Total density per million population: Linear Accelerator,text,WPR,Western Pacific,Country,MNG,Mongolia,Year,2010,false,,,,,,,,,,,,,0.36,,,,,,0.36,,Only public sector data,EN,2013-06-10T21:00:00.000Z
DEVICES12,Total density per million population: Linear Accelerator,text,AFR,Africa,Country,ZAF,South Africa,Year,2010,false,,,,,,,,,,,,,0.42,,,,,,0.42,,Only public sector data,EN,2013-06-10T21:00:00.000Z
DEVICES12,Total density per million population: Linear Accelerator,text,EUR,Europe,Country,KAZ,Kazakhstan,Year,2010,false,,,,,,,,,,,,,0.44,,,,,,0.44,,from the DIRA IAEA radiotherapy database (data available online at: http://www-naweb.iaea.org/nahu/dirac/query3.asp),EN,2013-06-10T21:00:00.000Z
DEVICES12,Total density per million population: Linear Accelerator,text,EMR,Eastern Mediterranean,Country,EGY,Egypt,Year,2010,false,,,,,,,,,,,,,0.47,,,,,,0.47,,from the DIRA IAEA radiotherapy database (data available online at: http://www-naweb.iaea.org/nahu/dirac/query3.asp),EN,2013-06-10T21:00:00.000Z
DEVICES12,Total density per million population: Linear Accelerator,text,AMR,Americas,Country,ECU,Ecuador,Year,2010,true,,,,,,,,,,,,,0.48,,,,,,0.48,,from the DIRA IAEA radiotherapy database (data available online at: http://www-naweb.iaea.org/nahu/dirac/query3.asp),EN,2013-06-10T21:00:00.000Z
DEVICES12,Total density per million population: Linear Accelerator,text,AMR,Americas,Country,GTM,Guatemala,Year,2010,false,,,,,,,,,,,,,0.49,,,,,,0.49,,from the DIRA IAEA radiotherapy database (data available online at: http://www-naweb.iaea.org/nahu/dirac/query3.asp),EN,2013-06-10T21:00:00.000Z
DEVICES12,Total density per million population: Linear Accelerator,text,EUR,Europe,Country,ROU,Romania,Year,2010,false,,,,,,,,,,,,,0.51,,,,,,0.51,,,EN,2013-06-10T21:00:00.000Z
DEVICES12,Total density per million population: Linear Accelerator,text,AMR,Americas,Country,DOM,Dominican Republic,Year,2010,false,,,,,,,,,,,,,0.6,,,,,,0.60,,from the DIRA IAEA radiotherapy database (data available online at: http://www-naweb.iaea.org/nahu/dirac/query3.asp),EN,2013-06-10T21:00:00.000Z
DEVICES12,Total density per million population: Linear Accelerator,text,SEAR,South-East Asia,Country,THA,Thailand,Year,2010,false,,,,,,,,,,,,,0.61,,,,,,0.61,,,EN,2013-06-10T21:00:00.000Z
DEVICES12,Total density per million population: Linear Accelerator,text,EUR,Europe,Country,BLR,Belarus,Year,2010,false,,,,,,,,,,,,,0.63,,,,,,0.63,,Only public sector data,EN,2013-06-10T21:00:00.000Z
DEVICES12,Total density per million population: Linear Accelerator,text,EMR,Eastern Mediterranean,Country,JOR,Jordan,Year,2010,false,,,,,,,,,,,,,0.65,,,,,,0.65,,,EN,2013-06-10T21:00:00.000Z
DEVICES12,Total density per million population: Linear Accelerator,text,EUR,Europe,Country,BGR,Bulgaria,Year,2010,false,,,,,,,,,,,,,0.67,,,,,,0.67,,from the DIRA IAEA radiotherapy database (data available online at: http://www-naweb.iaea.org/nahu/dirac/query3.asp),EN,2013-06-10T21:00:00.000Z
DEVICES12,Total density per million population: Linear Accelerator,text,EMR,Eastern Mediterranean,Country,TUN,Tunisia,Year,2010,false,,,,,,,,,,,,,0.67,,,,,,0.67,,,EN,2013-06-10T21:00:00.000Z
DEVICES12,Total density per million population: Linear Accelerator,text,EMR,Eastern Mediterranean,Country,ARE,United Arab Emirates,Year,2010,false,,,,,,,,,,,,,0.67,,,,,,0.67,,from the DIRA IAEA radiotherapy database (data available online at: http://www-naweb.iaea.org/nahu/dirac/query3.asp),EN,2013-06-10T21:00:00.000Z
DEVICES12,Total density per million population: Linear Accelerator,text,AMR,Americas,Country,COL,Colombia,Year,2010,false,,,,,,,,,,,,,0.69,,,,,,0.69,,from the DIRA IAEA radiotherapy database (data available online at: http://www-naweb.iaea.org/nahu/dirac/query3.asp),EN,2013-06-10T21:00:00.000Z
DEVICES12,Total density per million population: Linear Accelerator,text,EUR,Europe,Country,GEO,Georgia,Year,2010,false,,,,,,,,,,,,,0.69,,,,,,0.69,,,EN,2013-06-10T21:00:00.000Z
DEVICES12,Total density per million population: Linear Accelerator,text,AMR,Americas,Country,CHL,Chile,Year,2010,false,,,,,,,,,,,,,0.7,,,,,,0.70,,Only public sector data,EN,2013-06-10T21:00:00.000Z
DEVICES12,Total density per million population: Linear Accelerator,text,EMR,Eastern Mediterranean,Country,OMN,Oman,Year,2010,false,,,,,,,,,,,,,0.72,,,,,,0.72,,,EN,2013-06-10T21:00:00.000Z
DEVICES12,Total density per million population: Linear Accelerator,text,EMR,Eastern Mediterranean,Country,KWT,Kuwait,Year,2010,false,,,,,,,,,,,,,0.73,,,,,,0.73,,from the DIRA IAEA radiotherapy database (data available online at: http://www-naweb.iaea.org/nahu/dirac/query3.asp),EN,2013-06-10T21:00:00.000Z
DEVICES12,Total density per million population: Linear Accelerator,text,WPR,Western Pacific,Country,CHN,China,Year,2010,false,,,,,,,,,,,,,0.76,,,,,,0.76,,from the DIRA IAEA radiotherapy database (data available online at: http://www-naweb.iaea.org/nahu/dirac/query3.asp),EN,2013-06-10T21:00:00.000Z
DEVICES12,Total density per million population: Linear Accelerator,text,AFR,Africa,Country,MUS,Mauritius,Year,2010,false,,,,,,,,,,,,,0.77,,,,,,0.77,,,EN,2013-06-10T21:00:00.000Z
DEVICES12,Total density per million population: Linear Accelerator,text,EUR,Europe,Country,RUS,Russian Federation,Year,2010,false,,,,,,,,,,,,,0.77,,,,,,0.77,,from the DIRA IAEA radiotherapy database (data available online at: http://www-naweb.iaea.org/nahu/dirac/query3.asp),EN,2013-06-10T21:00:00.000Z
DEVICES12,Total density per million population: Linear Accelerator,text,AMR,Americas,Country,PER,Peru,Year,2010,false,,,,,,,,,,,,,0.79,,,,,,0.79,,from the DIRA IAEA radiotherapy database (data available online at: http://www-naweb.iaea.org/nahu/dirac/query3.asp),EN,2013-06-10T21:00:00.000Z
DEVICES12,Total density per million population: Linear Accelerator,text,EUR,Europe,Country,MKD,North Macedonia,Year,2010,false,,,,,,,,,,,,,0.97,,,,,,0.97,,from the DIRA IAEA radiotherapy database (data available online at: http://www-naweb.iaea.org/nahu/dirac/query3.asp),EN,2013-06-10T21:00:00.000Z
DEVICES12,Total density per million population: Linear Accelerator,text,AMR,Americas,Country,CRI,Costa Rica,Year,2010,false,,,,,,,,,,,,,1.07,,,,,,1.07,,,EN,2013-06-10T21:00:00.000Z
DEVICES12,Total density per million population: Linear Accelerator,text,EUR,Europe,Country,HUN,Hungary,Year,2010,false,,,,,,,,,,,,,1.1,,,,,,1.10,,,EN,2013-06-10T21:00:00.000Z
DEVICES12,Total density per million population: Linear Accelerator,text,EMR,Eastern Mediterranean,Country,QAT,Qatar,Year,2010,false,,,,,,,,,,,,,1.14,,,,,,1.14,,,EN,2013-06-10T21:00:00.000Z
DEVICES12,Total density per million population: Linear Accelerator,text,AMR,Americas,Country,VEN,Venezuela (Bolivarian Republic of),Year,2010,false,,,,,,,,,,,,,1.31,,,,,,1.31,,from the DIRA IAEA radiotherapy database (data available online at: http://www-naweb.iaea.org/nahu/dirac/query3.asp),EN,2013-06-10T21:00:00.000Z
DEVICES12,Total density per million population: Linear Accelerator,text,EUR,Europe,Country,SRB,Serbia,Year,2010,false,,,,,,,,,,,,,1.32,,,,,,1.32,,,EN,2013-06-10T21:00:00.000Z
DEVICES12,Total density per million population: Linear Accelerator,text,AMR,Americas,Country,GUY,Guyana,Year,2010,false,,,,,,,,,,,,,1.33,,,,,,1.33,,Only private sector data,EN,2013-06-10T21:00:00.000Z
DEVICES12,Total density per million population: Linear Accelerator,text,AMR,Americas,Country,BRA,Brazil,Year,2010,false,,,,,,,,,,,,,1.41,,,,,,1.41,,from the DIRA IAEA radiotherapy database (data available online at: http://www-naweb.iaea.org/nahu/dirac/query3.asp),EN,2013-06-10T21:00:00.000Z
DEVICES12,Total density per million population: Linear Accelerator,text,EMR,Eastern Mediterranean,Country,LBN,Lebanon,Year,2010,false,,,,,,,,,,,,,1.42,,,,,,1.42,,,EN,2013-06-10T21:00:00.000Z
DEVICES12,Total density per million population: Linear Accelerator,text,EUR,Europe,Country,TUR,Türkiye,Year,2010,false,,,,,,,,,,,,,1.47,,,,,,1.47,,,EN,2013-06-10T21:00:00.000Z
DEVICES12,Total density per million population: Linear Accelerator,text,WPR,Western Pacific,Country,MYS,Malaysia,Year,2010,false,,,,,,,,,,,,,1.48,,,,,,1.48,,,EN,2013-06-10T21:00:00.000Z
DEVICES12,Total density per million population: Linear Accelerator,text,AMR,Americas,Country,TTO,Trinidad and Tobago,Year,2010,false,,,,,,,,,,,,,1.49,,,,,,1.49,,,EN,2013-06-10T21:00:00.000Z
DEVICES12,Total density per million population: Linear Accelerator,text,EUR,Europe,Country,MNE,Montenegro,Year,2010,false,,,,,,,,,,,,,1.58,,,,,,1.58,,Only public sector data,EN,2013-06-10T21:00:00.000Z
DEVICES12,Total density per million population: Linear Accelerator,text,EUR,Europe,Country,AZE,Azerbaijan,Year,2010,false,,,,,,,,,,,,,1.63,,,,,,1.63,,Only public sector data,EN,2013-06-10T21:00:00.000Z
DEVICES12,Total density per million population: Linear Accelerator,text,AMR,Americas,Country,PAN,Panama,Year,2010,false,,,,,,,,,,,,,1.71,,,,,,1.71,,,EN,2013-06-10T21:00:00.000Z
DEVICES12,Total density per million population: Linear Accelerator,text,EUR,Europe,Country,BIH,Bosnia and Herzegovina,Year,2010,false,,,,,,,,,,,,,1.86,,,,,,1.86,,,EN,2013-06-10T21:00:00.000Z
DEVICES12,Total density per million population: Linear Accelerator,text,AMR,Americas,Country,ARG,Argentina,Year,2010,false,,,,,,,,,,,,,1.98,,,,,,1.98,,from the DIRA IAEA radiotherapy database (data available online at: http://www-naweb.iaea.org/nahu/dirac/query3.asp),EN,2013-06-10T21:00:00.000Z
DEVICES12,Total density per million population: Linear Accelerator,text,AMR,Americas,Country,USA,United States of America,Year,2010,false,,,,,,,,,,,,,12.31,,,,,,12.31,,from the DIRA IAEA radiotherapy database (data available online at: http://www-naweb.iaea.org/nahu/dirac/query3.asp),EN,2013-06-10T21:00:00.000Z
DEVICES12,Total density per million population: Linear Accelerator,text,EUR,Europe,Country,EST,Estonia,Year,2010,false,,,,,,,,,,,,,2.24,,,,,,2.24,,,EN,2013-06-10T21:00:00.000Z
DEVICES12,Total density per million population: Linear Accelerator,text,EUR,Europe,Country,HRV,Croatia,Year,2010,false,,,,,,,,,,,,,2.27,,,,,,2.27,,,EN,2013-06-10T21:00:00.000Z
DEVICES12,Total density per million population: Linear Accelerator,text,EUR,Europe,Country,MLT,Malta,Year,2010,false,,,,,,,,,,,,,2.4,,,,,,2.40,,,EN,2013-06-10T21:00:00.000Z
DEVICES12,Total density per million population: Linear Accelerator,text,EUR,Europe,Country,POL,Poland,Year,2010,false,,,,,,,,,,,,,2.59,,,,,,2.59,,Only public sector data,EN,2013-06-10T21:00:00.000Z
DEVICES12,Total density per million population: Linear Accelerator,text,EUR,Europe,Country,LTU,Lithuania,Year,2010,false,,,,,,,,,,,,,2.71,,,,,,2.71,,,EN,2013-06-10T21:00:00.000Z
DEVICES12,Total density per million population: Linear Accelerator,text,EUR,Europe,Country,CYP,Cyprus,Year,2010,false,,,,,,,,,,,,,2.72,,,,,,2.72,,,EN,2013-06-10T21:00:00.000Z
DEVICES12,Total density per million population: Linear Accelerator,text,WPR,Western Pacific,Country,KOR,Republic of Korea,Year,2010,false,,,,,,,,,,,,,2.86,,,,,,2.86,,from the DIRA IAEA radiotherapy database (data available online at: http://www-naweb.iaea.org/nahu/dirac/query3.asp),EN,2013-06-10T21:00:00.000Z
DEVICES12,Total density per million population: Linear Accelerator,text,AMR,Americas,Country,BHS,Bahamas,Year,2010,false,,,,,,,,,,,,,2.92,,,,,,2.92,,,EN,2013-06-10T21:00:00.000Z
DEVICES12,Total density per million population: Linear Accelerator,text,EUR,Europe,Country,SVK,Slovakia,Year,2010,false,,,,,,,,,,,,,2.93,,,,,,2.93,,from the DIRA IAEA radiotherapy database (data available online at: http://www-naweb.iaea.org/nahu/dirac/query3.asp),EN,2013-06-10T21:00:00.000Z
DEVICES12,Total density per million population: Linear Accelerator,text,EUR,Europe,Country,SVN,Slovenia,Year,2010,false,,,,,,,,,,,,,2.96,,,,,,2.96,,Only public sector data,EN,2013-06-10T21:00:00.000Z
DEVICES12,Total density per million population: Linear Accelerator,text,AMR,Americas,Country,URY,Uruguay,Year,2010,false,,,,,,,,,,,,,2.97,,,,,,2.97,,,EN,2013-06-10T21:00:00.000Z
DEVICES12,Total density per million population: Linear Accelerator,text,EUR,Europe,Country,MCO,Monaco,Year,2010,false,,,,,,,,,,,,,28.24,,,,,,28.24,,,EN,2013-06-10T21:00:00.000Z
DEVICES12,Total density per million population: Linear Accelerator,text,EUR,Europe,Country,GRC,Greece,Year,2010,false,,,,,,,,,,,,,3.26,,,,,,3.26,,from the DIRA IAEA radiotherapy database (data available online at: http://www-naweb.iaea.org/nahu/dirac/query3.asp),EN,2013-06-10T21:00:00.000Z
DEVICES12,Total density per million population: Linear Accelerator,text,EUR,Europe,Country,ISR,Israel,Year,2010,false,,,,,,,,,,,,,3.37,,,,,,3.37,,,EN,2013-06-10T21:00:00.000Z
DEVICES12,Total density per million population: Linear Accelerator,text,EUR,Europe,Country,PRT,Portugal,Year,2010,false,,,,,,,,,,,,,3.47,,,,,,3.47,,,EN,2013-06-10T21:00:00.000Z
DEVICES12,Total density per million population: Linear Accelerator,text,EUR,Europe,Country,CZE,Czechia,Year,2010,false,,,,,,,,,,,,,3.53,,,,,,3.53,,,EN,2013-06-10T21:00:00.000Z
DEVICES12,Total density per million population: Linear Accelerator,text,WPR,Western Pacific,Country,SGP,Singapore,Year,2010,false,,,,,,,,,,,,,3.54,,,,,,3.54,,,EN,2013-06-10T21:00:00.000Z
DEVICES12,Total density per million population: Linear Accelerator,text,EUR,Europe,Country,ESP,Spain,Year,2010,false,,,,,,,,,,,,,3.56,,,,,,3.56,,,EN,2013-06-10T21:00:00.000Z
DEVICES12,Total density per million population: Linear Accelerator,text,EUR,Europe,Country,IRL,Ireland,Year,2010,false,,,,,,,,,,,,,3.8,,,,,,3.80,,Only public sector data,EN,2013-06-10T21:00:00.000Z
DEVICES12,Total density per million population: Linear Accelerator,text,AMR,Americas,Country,SUR,Suriname,Year,2010,false,,,,,,,,,,,,,3.81,,,,,,3.81,,,EN,2013-06-10T21:00:00.000Z
DEVICES12,Total density per million population: Linear Accelerator,text,EUR,Europe,Country,LUX,Luxembourg,Year,2010,false,,,,,,,,,,,,,3.94,,,,,,3.94,,,EN,2013-06-10T21:00:00.000Z
DEVICES12,Total density per million population: Linear Accelerator,text,EUR,Europe,Country,LVA,Latvia,Year,2010,false,,,,,,,,,,,,,4,,,,,,4.00,,from the DIRA IAEA radiotherapy database (data available online at: http://www-naweb.iaea.org/nahu/dirac/query3.asp),EN,2013-06-10T21:00:00.000Z
DEVICES12,Total density per million population: Linear Accelerator,text,WPR,Western Pacific,Country,AUS,Australia,Year,2010,false,,,,,,,,,,,,,4.22,,,,,,4.22,,Only public sector data,EN,2013-06-10T21:00:00.000Z
DEVICES12,Total density per million population: Linear Accelerator,text,EUR,Europe,Country,GBR,United Kingdom of Great Britain and Northern Ireland,Year,2010,false,,,,,,,,,,,,,5.4,,,,,,5.40,,from the DIRA IAEA radiotherapy database (data available online at: http://www-naweb.iaea.org/nahu/dirac/query3.asp),EN,2013-06-10T21:00:00.000Z
DEVICES12,Total density per million population: Linear Accelerator,text,EUR,Europe,Country,AUT,Austria,Year,2010,false,,,,,,,,,,,,,5.48,,,,,,5.48,,Only public sector data,EN,2013-06-10T21:00:00.000Z
DEVICES12,Total density per million population: Linear Accelerator,text,EUR,Europe,Country,DEU,Germany,Year,2010,false,,,,,,,,,,,,,6.17,,,,,,6.17,,from the DIRA IAEA radiotherapy database (data available online at: http://www-naweb.iaea.org/nahu/dirac/query3.asp),EN,2013-06-10T21:00:00.000Z
DEVICES12,Total density per million population: Linear Accelerator,text,EUR,Europe,Country,ISL,Iceland,Year,2010,false,,,,,,,,,,,,,6.25,,,,,,6.25,,,EN,2013-06-10T21:00:00.000Z
DEVICES12,Total density per million population: Linear Accelerator,text,EUR,Europe,Country,ITA,Italy,Year,2010,false,,,,,,,,,,,,,6.29,,,,,,6.29,,from the DIRA IAEA radiotherapy database (data available online at: http://www-naweb.iaea.org/nahu/dirac/query3.asp),EN,2013-06-10T21:00:00.000Z
DEVICES12,Total density per million population: Linear Accelerator,text,EUR,Europe,Country,FRA,France,Year,2010,false,,,,,,,,,,,,,6.63,,,,,,6.63,,from the DIRA IAEA radiotherapy database (data available online at: http://www-naweb.iaea.org/nahu/dirac/query3.asp),EN,2013-06-10T21:00:00.000Z
DEVICES12,Total density per million population: Linear Accelerator,text,WPR,Western Pacific,Country,JPN,Japan,Year,2010,false,,,,,,,,,,,,,6.7,,,,,,6.70,,from the DIRA IAEA radiotherapy database (data available online at: http://www-naweb.iaea.org/nahu/dirac/query3.asp),EN,2013-06-10T21:00:00.000Z
DEVICES12,Total density per million population: Linear Accelerator,text,WPR,Western Pacific,Country,NZL,New Zealand,Year,2010,true,,,,,,,,,,,,,7.1,,,,,,7.10,,,EN,2013-06-10T21:00:00.000Z
DEVICES12,Total density per million population: Linear Accelerator,text,EUR,Europe,Country,NLD,Netherlands (Kingdom of the),Year,2010,false,,,,,,,,,,,,,7.28,,,,,,7.28,,,EN,2013-06-10T21:00:00.000Z
DEVICES12,Total density per million population: Linear Accelerator,text,EUR,Europe,Country,FIN,Finland,Year,2010,false,,,,,,,,,,,,,7.46,,,,,,7.46,,Only public sector data,EN,2013-06-10T21:00:00.000Z
DEVICES12,Total density per million population: Linear Accelerator,text,EUR,Europe,Country,NOR,Norway,Year,2010,false,,,,,,,,,,,,,7.58,,,,,,7.58,,from the DIRA IAEA radiotherapy database (data available online at: http://www-naweb.iaea.org/nahu/dirac/query3.asp),EN,2013-06-10T21:00:00.000Z
DEVICES12,Total density per million population: Linear Accelerator,text,AMR,Americas,Country,CAN,Canada,Year,2010,false,,,,,,,,,,,,,8.14,,,,,,8.14,,from the DIRA IAEA radiotherapy database (data available online at: http://www-naweb.iaea.org/nahu/dirac/query3.asp),EN,2013-06-10T21:00:00.000Z
DEVICES12,Total density per million population: Linear Accelerator,text,EUR,Europe,Country,SWE,Sweden,Year,2010,false,,,,,,,,,,,,,8.32,,,,,,8.32,,from the DIRA IAEA radiotherapy database (data available online at: http://www-naweb.iaea.org/nahu/dirac/query3.asp),EN,2013-06-10T21:00:00.000Z
DEVICES12,Total density per million population: Linear Accelerator,text,EUR,Europe,Country,BEL,Belgium,Year,2010,false,,,,,,,,,,,,,8.59,,,,,,8.59,,from the DIRA IAEA radiotherapy database (data available online at: http://www-naweb.iaea.org/nahu/dirac/query3.asp),EN,2013-06-10T21:00:00.000Z
DEVICES12,Total density per million population: Linear Accelerator,text,EUR,Europe,Country,CHE,Switzerland,Year,2010,true,,,,,,,,,,,,,9.13,,,,,,9.13,,from the DIRA IAEA radiotherapy database (data available online at: http://www-naweb.iaea.org/nahu/dirac/query3.asp),EN,2013-06-10T21:00:00.000Z
DEVICES12,Total density per million population: Linear Accelerator,text,EUR,Europe,Country,DNK,Denmark,Year,2010,false,,,,,,,,,,,,,9.73,,,,,,9.73,,,EN,2013-06-10T21:00:00.000Z
